{
    "epoch": 0,
    "loss": 0.03713584415912628,
    "accuracy": 0.0888,
    "precision": 0.10417958024270928,
    "recall": 0.08843597962371438,
    "f1": 0.07652940779352715,
    "confusion_matrix": [
        [
            218,
            113,
            11,
            167,
            88,
            19,
            2,
            16,
            291,
            94
        ],
        [
            129,
            125,
            26,
            377,
            7,
            85,
            0,
            28,
            126,
            75
        ],
        [
            254,
            331,
            19,
            76,
            60,
            4,
            8,
            62,
            200,
            33
        ],
        [
            274,
            252,
            18,
            161,
            66,
            25,
            2,
            65,
            154,
            30
        ],
        [
            359,
            300,
            0,
            62,
            94,
            4,
            4,
            20,
            153,
            9
        ],
        [
            210,
            233,
            31,
            118,
            71,
            22,
            3,
            100,
            139,
            11
        ],
        [
            392,
            399,
            10,
            56,
            31,
            4,
            2,
            26,
            88,
            6
        ],
        [
            345,
            296,
            3,
            52,
            42,
            6,
            7,
            23,
            146,
            40
        ],
        [
            205,
            63,
            2,
            363,
            41,
            26,
            0,
            22,
            137,
            90
        ],
        [
            178,
            135,
            15,
            388,
            14,
            57,
            0,
            16,
            153,
            87
        ]
    ]
}