{
    "epoch": 9,
    "loss": 0.08265872180461883,
    "accuracy": 0.5778,
    "precision": 0.6356748789452629,
    "recall": 0.5795140469893381,
    "f1": 0.5578874932985026,
    "confusion_matrix": [
        [
            579,
            37,
            164,
            16,
            1,
            28,
            4,
            42,
            14,
            134
        ],
        [
            11,
            785,
            3,
            3,
            0,
            20,
            16,
            17,
            0,
            123
        ],
        [
            11,
            9,
            626,
            40,
            39,
            137,
            77,
            100,
            1,
            7
        ],
        [
            9,
            21,
            52,
            241,
            23,
            496,
            59,
            117,
            0,
            29
        ],
        [
            20,
            4,
            111,
            18,
            349,
            85,
            20,
            377,
            0,
            21
        ],
        [
            1,
            12,
            32,
            23,
            18,
            738,
            14,
            91,
            0,
            9
        ],
        [
            2,
            17,
            70,
            23,
            69,
            141,
            640,
            42,
            0,
            10
        ],
        [
            5,
            5,
            14,
            5,
            3,
            113,
            6,
            788,
            0,
            21
        ],
        [
            247,
            135,
            47,
            9,
            1,
            12,
            12,
            14,
            218,
            254
        ],
        [
            14,
            130,
            6,
            4,
            0,
            13,
            4,
            58,
            0,
            814
        ]
    ]
}