{
    "epoch": 1,
    "loss": 0.025537213361263276,
    "accuracy": 0.453,
    "precision": 0.5836390538236856,
    "recall": 0.4545228995748607,
    "f1": 0.4222265697745087,
    "confusion_matrix": [
        [
            667,
            16,
            230,
            1,
            13,
            65,
            3,
            0,
            1,
            23
        ],
        [
            76,
            565,
            13,
            3,
            3,
            167,
            27,
            0,
            0,
            124
        ],
        [
            35,
            2,
            475,
            1,
            80,
            313,
            126,
            13,
            0,
            2
        ],
        [
            20,
            8,
            56,
            12,
            26,
            830,
            74,
            10,
            0,
            11
        ],
        [
            66,
            5,
            94,
            0,
            456,
            252,
            95,
            32,
            0,
            5
        ],
        [
            4,
            2,
            29,
            1,
            31,
            846,
            17,
            6,
            0,
            2
        ],
        [
            5,
            3,
            57,
            2,
            31,
            284,
            628,
            0,
            0,
            4
        ],
        [
            49,
            9,
            21,
            0,
            161,
            404,
            10,
            287,
            0,
            19
        ],
        [
            646,
            80,
            57,
            4,
            5,
            48,
            3,
            0,
            46,
            60
        ],
        [
            166,
            182,
            11,
            4,
            4,
            112,
            6,
            10,
            0,
            548
        ]
    ]
}