{
    "epoch": 8,
    "loss": 0.053206417727470395,
    "accuracy": 0.5708,
    "precision": 0.6477112522339724,
    "recall": 0.571579604238611,
    "f1": 0.5489609705661362,
    "confusion_matrix": [
        [
            717,
            17,
            135,
            13,
            0,
            12,
            1,
            28,
            5,
            91
        ],
        [
            25,
            710,
            9,
            13,
            0,
            10,
            7,
            21,
            0,
            183
        ],
        [
            34,
            4,
            729,
            27,
            12,
            109,
            33,
            92,
            1,
            6
        ],
        [
            23,
            9,
            121,
            266,
            11,
            458,
            29,
            101,
            0,
            29
        ],
        [
            51,
            4,
            191,
            24,
            242,
            70,
            10,
            396,
            0,
            17
        ],
        [
            6,
            15,
            55,
            27,
            13,
            718,
            10,
            85,
            0,
            9
        ],
        [
            4,
            13,
            238,
            51,
            35,
            119,
            471,
            73,
            0,
            10
        ],
        [
            19,
            3,
            21,
            10,
            1,
            115,
            1,
            773,
            0,
            17
        ],
        [
            336,
            86,
            39,
            5,
            0,
            8,
            6,
            10,
            237,
            222
        ],
        [
            36,
            78,
            5,
            8,
            0,
            8,
            2,
            61,
            0,
            845
        ]
    ]
}