{
    "epoch": 5,
    "loss": 0.024023133420944216,
    "accuracy": 0.5976,
    "precision": 0.6518523960628462,
    "recall": 0.596462420082938,
    "f1": 0.5974363229513499,
    "confusion_matrix": [
        [
            853,
            28,
            60,
            9,
            2,
            4,
            2,
            2,
            29,
            30
        ],
        [
            46,
            786,
            6,
            7,
            3,
            2,
            3,
            5,
            4,
            116
        ],
        [
            109,
            13,
            680,
            40,
            118,
            37,
            31,
            13,
            2,
            4
        ],
        [
            80,
            46,
            161,
            459,
            97,
            136,
            27,
            16,
            5,
            20
        ],
        [
            135,
            8,
            130,
            22,
            634,
            12,
            8,
            35,
            1,
            20
        ],
        [
            31,
            23,
            104,
            143,
            80,
            510,
            16,
            20,
            0,
            11
        ],
        [
            28,
            38,
            170,
            61,
            191,
            32,
            482,
            4,
            0,
            8
        ],
        [
            112,
            19,
            58,
            42,
            165,
            82,
            3,
            451,
            1,
            27
        ],
        [
            324,
            102,
            5,
            3,
            3,
            3,
            2,
            0,
            437,
            70
        ],
        [
            139,
            191,
            6,
            9,
            1,
            0,
            0,
            11,
            2,
            684
        ]
    ]
}