{
    "epoch": 7,
    "loss": 0.03823868578672409,
    "accuracy": 0.6079,
    "precision": 0.6523340538842209,
    "recall": 0.6076643090768817,
    "f1": 0.5989146499455084,
    "confusion_matrix": [
        [
            790,
            31,
            57,
            8,
            0,
            8,
            2,
            3,
            20,
            100
        ],
        [
            31,
            708,
            5,
            7,
            0,
            5,
            5,
            5,
            0,
            212
        ],
        [
            82,
            6,
            722,
            38,
            33,
            69,
            44,
            41,
            3,
            9
        ],
        [
            45,
            26,
            122,
            373,
            26,
            342,
            25,
            47,
            2,
            39
        ],
        [
            96,
            6,
            190,
            29,
            400,
            50,
            17,
            185,
            1,
            31
        ],
        [
            14,
            16,
            67,
            61,
            22,
            676,
            12,
            52,
            0,
            18
        ],
        [
            15,
            20,
            194,
            65,
            67,
            85,
            533,
            20,
            0,
            15
        ],
        [
            40,
            10,
            31,
            24,
            23,
            124,
            3,
            661,
            1,
            43
        ],
        [
            296,
            104,
            9,
            3,
            0,
            6,
            4,
            1,
            346,
            180
        ],
        [
            50,
            84,
            6,
            5,
            0,
            6,
            0,
            22,
            0,
            870
        ]
    ]
}