{
    "epoch": 3,
    "loss": 0.022557814049720765,
    "accuracy": 0.5271,
    "precision": 0.6497826792507393,
    "recall": 0.5248345644999303,
    "f1": 0.5207890234291106,
    "confusion_matrix": [
        [
            926,
            14,
            50,
            6,
            10,
            1,
            2,
            0,
            2,
            8
        ],
        [
            142,
            681,
            10,
            6,
            9,
            4,
            11,
            5,
            0,
            110
        ],
        [
            145,
            1,
            641,
            27,
            172,
            20,
            30,
            7,
            0,
            4
        ],
        [
            116,
            18,
            153,
            335,
            198,
            132,
            62,
            22,
            1,
            10
        ],
        [
            174,
            2,
            66,
            7,
            713,
            6,
            13,
            20,
            0,
            4
        ],
        [
            44,
            10,
            116,
            101,
            155,
            467,
            24,
            16,
            0,
            5
        ],
        [
            40,
            14,
            164,
            16,
            258,
            21,
            494,
            4,
            0,
            3
        ],
        [
            158,
            9,
            38,
            27,
            309,
            58,
            2,
            349,
            0,
            10
        ],
        [
            654,
            71,
            10,
            6,
            5,
            3,
            5,
            0,
            163,
            32
        ],
        [
            365,
            136,
            5,
            5,
            9,
            2,
            4,
            15,
            0,
            502
        ]
    ]
}