{
    "epoch": 2,
    "loss": 0.019501581686735152,
    "accuracy": 0.5551,
    "precision": 0.6346829657761008,
    "recall": 0.5556863157921714,
    "f1": 0.5534258743204468,
    "confusion_matrix": [
        [
            871,
            15,
            56,
            9,
            2,
            12,
            0,
            0,
            36,
            18
        ],
        [
            99,
            634,
            24,
            15,
            1,
            17,
            8,
            5,
            9,
            166
        ],
        [
            146,
            0,
            608,
            33,
            95,
            109,
            39,
            9,
            1,
            7
        ],
        [
            98,
            7,
            132,
            280,
            72,
            393,
            34,
            8,
            1,
            22
        ],
        [
            154,
            1,
            100,
            14,
            595,
            77,
            19,
            28,
            2,
            15
        ],
        [
            31,
            1,
            54,
            52,
            58,
            707,
            7,
            13,
            0,
            15
        ],
        [
            46,
            10,
            209,
            58,
            100,
            129,
            453,
            1,
            0,
            8
        ],
        [
            114,
            6,
            30,
            9,
            185,
            215,
            0,
            367,
            0,
            34
        ],
        [
            436,
            56,
            9,
            5,
            2,
            8,
            2,
            0,
            396,
            35
        ],
        [
            221,
            122,
            14,
            5,
            1,
            22,
            2,
            12,
            4,
            640
        ]
    ]
}