{
    "loss": 0.1401861876487732,
    "accuracy": 0.5747,
    "precision": 0.6279566007346558,
    "recall": 0.5746999999999999,
    "f1": 0.5505059873356051,
    "confusion_matrix": [
        [
            539,
            51,
            164,
            18,
            1,
            16,
            33,
            30,
            5,
            143
        ],
        [
            9,
            761,
            0,
            2,
            0,
            8,
            33,
            18,
            0,
            169
        ],
        [
            24,
            16,
            533,
            33,
            39,
            141,
            146,
            57,
            0,
            11
        ],
        [
            7,
            31,
            45,
            294,
            14,
            375,
            114,
            74,
            1,
            45
        ],
        [
            17,
            8,
            108,
            45,
            385,
            86,
            80,
            249,
            0,
            22
        ],
        [
            3,
            23,
            22,
            56,
            10,
            733,
            53,
            83,
            0,
            17
        ],
        [
            3,
            10,
            41,
            17,
            37,
            96,
            765,
            20,
            0,
            11
        ],
        [
            12,
            6,
            11,
            11,
            14,
            110,
            27,
            783,
            0,
            26
        ],
        [
            208,
            211,
            40,
            6,
            0,
            9,
            28,
            16,
            156,
            326
        ],
        [
            12,
            107,
            3,
            6,
            0,
            8,
            15,
            50,
            1,
            798
        ]
    ]
}