{
    "epoch": 4,
    "loss": 0.023182753276824952,
    "accuracy": 0.5434,
    "precision": 0.6663348990825954,
    "recall": 0.5457885229501586,
    "f1": 0.5317468089419236,
    "confusion_matrix": [
        [
            897,
            14,
            81,
            1,
            1,
            7,
            1,
            2,
            13,
            2
        ],
        [
            117,
            808,
            17,
            3,
            2,
            5,
            3,
            4,
            8,
            11
        ],
        [
            115,
            3,
            754,
            7,
            59,
            57,
            33,
            17,
            0,
            2
        ],
        [
            105,
            23,
            271,
            193,
            55,
            339,
            30,
            26,
            2,
            3
        ],
        [
            156,
            6,
            182,
            3,
            546,
            36,
            12,
            60,
            1,
            3
        ],
        [
            30,
            13,
            137,
            19,
            42,
            647,
            14,
            33,
            0,
            3
        ],
        [
            31,
            21,
            267,
            18,
            103,
            74,
            489,
            9,
            0,
            2
        ],
        [
            149,
            13,
            74,
            1,
            89,
            114,
            3,
            513,
            0,
            4
        ],
        [
            493,
            62,
            18,
            1,
            3,
            5,
            2,
            0,
            363,
            2
        ],
        [
            447,
            327,
            14,
            2,
            1,
            5,
            1,
            14,
            8,
            224
        ]
    ]
}