{
    "epoch": 6,
    "loss": 0.039073140025138856,
    "accuracy": 0.5472,
    "precision": 0.6638367071965319,
    "recall": 0.5470472301825681,
    "f1": 0.5283967494327927,
    "confusion_matrix": [
        [
            906,
            17,
            50,
            5,
            0,
            8,
            0,
            2,
            5,
            26
        ],
        [
            76,
            700,
            8,
            3,
            1,
            4,
            3,
            5,
            2,
            176
        ],
        [
            108,
            10,
            808,
            7,
            24,
            52,
            8,
            25,
            0,
            5
        ],
        [
            117,
            22,
            247,
            176,
            27,
            394,
            13,
            25,
            0,
            26
        ],
        [
            146,
            4,
            301,
            3,
            383,
            42,
            3,
            102,
            0,
            21
        ],
        [
            37,
            15,
            154,
            15,
            17,
            649,
            4,
            32,
            0,
            15
        ],
        [
            35,
            29,
            439,
            28,
            87,
            102,
            276,
            9,
            0,
            9
        ],
        [
            99,
            6,
            83,
            2,
            33,
            132,
            0,
            575,
            0,
            30
        ],
        [
            529,
            72,
            18,
            0,
            0,
            7,
            0,
            0,
            251,
            72
        ],
        [
            169,
            91,
            10,
            1,
            0,
            5,
            0,
            18,
            1,
            748
        ]
    ]
}