{
    "epoch": 0,
    "loss": 0.08701741993427277,
    "accuracy": 0.2771,
    "precision": 0.11188400906437528,
    "recall": 0.2751614259640685,
    "f1": 0.15645863361636517,
    "confusion_matrix": [
        [
            730,
            222,
            31,
            10,
            0,
            0,
            0,
            0,
            0,
            0
        ],
        [
            30,
            995,
            1,
            3,
            0,
            0,
            0,
            0,
            0,
            0
        ],
        [
            172,
            118,
            578,
            122,
            0,
            0,
            0,
            0,
            0,
            0
        ],
        [
            118,
            196,
            223,
            468,
            0,
            0,
            0,
            0,
            0,
            0
        ],
        [
            168,
            131,
            563,
            133,
            0,
            0,
            0,
            0,
            0,
            0
        ],
        [
            107,
            136,
            304,
            428,
            0,
            0,
            0,
            0,
            0,
            0
        ],
        [
            78,
            353,
            304,
            257,
            0,
            0,
            0,
            0,
            0,
            0
        ],
        [
            270,
            261,
            320,
            187,
            0,
            0,
            0,
            0,
            0,
            0
        ],
        [
            528,
            436,
            30,
            9,
            0,
            0,
            0,
            0,
            0,
            0
        ],
        [
            72,
            879,
            12,
            17,
            0,
            0,
            0,
            0,
            0,
            0
        ]
    ]
}