{
    "epoch": 5,
    "loss": 0.1086376310825348,
    "accuracy": 0.2827,
    "precision": 0.13778794305662717,
    "recall": 0.281126330141387,
    "f1": 0.17698254387906606,
    "confusion_matrix": [
        [
            0,
            0,
            0,
            98,
            816,
            31,
            31,
            0,
            0,
            0
        ],
        [
            0,
            0,
            0,
            163,
            498,
            50,
            280,
            0,
            0,
            0
        ],
        [
            0,
            0,
            0,
            136,
            621,
            177,
            104,
            0,
            0,
            0
        ],
        [
            0,
            0,
            0,
            431,
            214,
            230,
            81,
            0,
            0,
            0
        ],
        [
            0,
            0,
            0,
            31,
            955,
            33,
            32,
            0,
            0,
            0
        ],
        [
            0,
            0,
            0,
            113,
            154,
            663,
            21,
            0,
            0,
            0
        ],
        [
            0,
            0,
            0,
            72,
            153,
            28,
            778,
            0,
            0,
            0
        ],
        [
            0,
            0,
            0,
            77,
            725,
            166,
            9,
            0,
            0,
            0
        ],
        [
            0,
            0,
            0,
            137,
            777,
            23,
            76,
            0,
            0,
            0
        ],
        [
            0,
            0,
            0,
            248,
            429,
            102,
            237,
            0,
            0,
            0
        ]
    ]
}