{
    "epoch": 9,
    "loss": 0.10602927765846253,
    "accuracy": 0.3094,
    "precision": 0.13026117417240768,
    "recall": 0.30859215673926377,
    "f1": 0.17967414347892383,
    "confusion_matrix": [
        [
            0,
            0,
            0,
            114,
            713,
            99,
            50,
            0,
            0,
            0
        ],
        [
            0,
            0,
            0,
            175,
            267,
            154,
            395,
            0,
            0,
            0
        ],
        [
            0,
            0,
            0,
            119,
            446,
            300,
            173,
            0,
            0,
            0
        ],
        [
            0,
            0,
            0,
            461,
            108,
            312,
            75,
            0,
            0,
            0
        ],
        [
            0,
            0,
            0,
            8,
            914,
            73,
            56,
            0,
            0,
            0
        ],
        [
            0,
            0,
            0,
            57,
            60,
            818,
            16,
            0,
            0,
            0
        ],
        [
            0,
            0,
            0,
            34,
            60,
            36,
            901,
            0,
            0,
            0
        ],
        [
            0,
            0,
            0,
            40,
            554,
            372,
            11,
            0,
            0,
            0
        ],
        [
            0,
            0,
            0,
            257,
            574,
            72,
            110,
            0,
            0,
            0
        ],
        [
            0,
            0,
            0,
            219,
            207,
            317,
            273,
            0,
            0,
            0
        ]
    ]
}