{
    "epoch": 6,
    "loss": 0.10777492008209229,
    "accuracy": 0.3246,
    "precision": 0.13738277759509432,
    "recall": 0.324383530968969,
    "f1": 0.1906597966709678,
    "confusion_matrix": [
        [
            954,
            22,
            57,
            9,
            0,
            0,
            0,
            0,
            0,
            0
        ],
        [
            61,
            856,
            8,
            8,
            0,
            0,
            0,
            0,
            0,
            0
        ],
        [
            124,
            15,
            850,
            43,
            0,
            0,
            0,
            0,
            0,
            0
        ],
        [
            83,
            20,
            309,
            586,
            0,
            0,
            0,
            0,
            0,
            0
        ],
        [
            138,
            10,
            771,
            115,
            0,
            0,
            0,
            0,
            0,
            0
        ],
        [
            53,
            19,
            467,
            472,
            0,
            0,
            0,
            0,
            0,
            0
        ],
        [
            59,
            93,
            566,
            287,
            0,
            0,
            0,
            0,
            0,
            0
        ],
        [
            216,
            19,
            555,
            185,
            0,
            0,
            0,
            0,
            0,
            0
        ],
        [
            746,
            143,
            59,
            27,
            0,
            0,
            0,
            0,
            0,
            0
        ],
        [
            206,
            691,
            47,
            51,
            0,
            0,
            0,
            0,
            0,
            0
        ]
    ]
}