{
    "loss": 0.021670974296331406,
    "accuracy": 0.4887,
    "precision": 0.6144095832611675,
    "recall": 0.4887,
    "f1": 0.4362102616318023,
    "confusion_matrix": [
        [
            314,
            1,
            25,
            30,
            11,
            0,
            48,
            42,
            479,
            50
        ],
        [
            3,
            119,
            0,
            2,
            0,
            0,
            79,
            10,
            81,
            706
        ],
        [
            30,
            1,
            325,
            123,
            36,
            0,
            347,
            74,
            59,
            5
        ],
        [
            10,
            1,
            41,
            520,
            23,
            0,
            301,
            66,
            28,
            10
        ],
        [
            26,
            0,
            119,
            84,
            207,
            0,
            352,
            184,
            25,
            3
        ],
        [
            10,
            1,
            72,
            467,
            7,
            62,
            231,
            122,
            20,
            8
        ],
        [
            1,
            1,
            10,
            19,
            3,
            0,
            949,
            6,
            8,
            3
        ],
        [
            8,
            0,
            45,
            88,
            19,
            0,
            73,
            750,
            10,
            7
        ],
        [
            19,
            0,
            6,
            25,
            6,
            0,
            36,
            5,
            875,
            28
        ],
        [
            11,
            8,
            7,
            19,
            0,
            0,
            100,
            27,
            62,
            766
        ]
    ]
}