{
    "epoch": 1,
    "loss": 0.11566572260856628,
    "accuracy": 0.3121,
    "precision": 0.1305030862947842,
    "recall": 0.30942927820454197,
    "f1": 0.1807137867907588,
    "confusion_matrix": [
        [
            0,
            0,
            0,
            0,
            0,
            0,
            13,
            119,
            691,
            223
        ],
        [
            0,
            0,
            0,
            0,
            0,
            0,
            18,
            51,
            149,
            768
        ],
        [
            0,
            0,
            0,
            0,
            0,
            0,
            250,
            486,
            185,
            88
        ],
        [
            0,
            0,
            0,
            0,
            0,
            0,
            196,
            529,
            93,
            153
        ],
        [
            0,
            0,
            0,
            0,
            0,
            0,
            335,
            482,
            76,
            75
        ],
        [
            0,
            0,
            0,
            0,
            0,
            0,
            113,
            724,
            54,
            94
        ],
        [
            0,
            0,
            0,
            0,
            0,
            0,
            584,
            213,
            44,
            166
        ],
        [
            0,
            0,
            0,
            0,
            0,
            0,
            57,
            859,
            23,
            98
        ],
        [
            0,
            0,
            0,
            0,
            0,
            0,
            5,
            35,
            837,
            133
        ],
        [
            0,
            0,
            0,
            0,
            0,
            0,
            17,
            53,
            70,
            841
        ]
    ]
}