{
    "epoch": 8,
    "loss": 0.10138615055084228,
    "accuracy": 0.3024,
    "precision": 0.12638396975237245,
    "recall": 0.3020194036517253,
    "f1": 0.17642078551318846,
    "confusion_matrix": [
        [
            0,
            0,
            0,
            165,
            708,
            51,
            52,
            0,
            0,
            0
        ],
        [
            0,
            0,
            0,
            284,
            172,
            144,
            391,
            0,
            0,
            0
        ],
        [
            0,
            0,
            0,
            172,
            464,
            240,
            162,
            0,
            0,
            0
        ],
        [
            0,
            0,
            0,
            516,
            70,
            302,
            68,
            0,
            0,
            0
        ],
        [
            0,
            0,
            0,
            53,
            873,
            79,
            46,
            0,
            0,
            0
        ],
        [
            0,
            0,
            0,
            93,
            53,
            784,
            21,
            0,
            0,
            0
        ],
        [
            0,
            0,
            0,
            77,
            58,
            45,
            851,
            0,
            0,
            0
        ],
        [
            0,
            0,
            0,
            108,
            506,
            355,
            8,
            0,
            0,
            0
        ],
        [
            0,
            0,
            0,
            254,
            608,
            43,
            108,
            0,
            0,
            0
        ],
        [
            0,
            0,
            0,
            401,
            156,
            206,
            253,
            0,
            0,
            0
        ]
    ]
}