{
    "epoch": 7,
    "loss": 0.1122644371509552,
    "accuracy": 0.3231,
    "precision": 0.1361598114490596,
    "recall": 0.3229513995448795,
    "f1": 0.1887502115861342,
    "confusion_matrix": [
        [
            977,
            22,
            37,
            6,
            0,
            0,
            0,
            0,
            0,
            0
        ],
        [
            50,
            873,
            7,
            3,
            0,
            0,
            0,
            0,
            0,
            0
        ],
        [
            149,
            14,
            835,
            34,
            0,
            0,
            0,
            0,
            0,
            0
        ],
        [
            108,
            45,
            299,
            546,
            0,
            0,
            0,
            0,
            0,
            0
        ],
        [
            140,
            17,
            784,
            93,
            0,
            0,
            0,
            0,
            0,
            0
        ],
        [
            56,
            35,
            414,
            506,
            0,
            0,
            0,
            0,
            0,
            0
        ],
        [
            70,
            113,
            618,
            204,
            0,
            0,
            0,
            0,
            0,
            0
        ],
        [
            233,
            30,
            557,
            155,
            0,
            0,
            0,
            0,
            0,
            0
        ],
        [
            734,
            171,
            52,
            18,
            0,
            0,
            0,
            0,
            0,
            0
        ],
        [
            222,
            686,
            52,
            35,
            0,
            0,
            0,
            0,
            0,
            0
        ]
    ]
}