{
    "epoch": 4,
    "loss": 0.11441669964790344,
    "accuracy": 0.2617,
    "precision": 0.12704413672485843,
    "recall": 0.26147029467252064,
    "f1": 0.16024240127427694,
    "confusion_matrix": [
        [
            0,
            0,
            0,
            207,
            636,
            114,
            19,
            0,
            0,
            0
        ],
        [
            0,
            0,
            0,
            437,
            258,
            213,
            83,
            0,
            0,
            0
        ],
        [
            0,
            0,
            0,
            191,
            453,
            317,
            77,
            0,
            0,
            0
        ],
        [
            0,
            0,
            0,
            361,
            83,
            467,
            45,
            0,
            0,
            0
        ],
        [
            0,
            0,
            0,
            68,
            802,
            142,
            39,
            0,
            0,
            0
        ],
        [
            0,
            0,
            0,
            90,
            70,
            781,
            10,
            0,
            0,
            0
        ],
        [
            0,
            0,
            0,
            143,
            93,
            122,
            673,
            0,
            0,
            0
        ],
        [
            0,
            0,
            0,
            77,
            404,
            492,
            4,
            0,
            0,
            0
        ],
        [
            0,
            0,
            0,
            285,
            546,
            156,
            26,
            0,
            0,
            0
        ],
        [
            0,
            0,
            0,
            547,
            153,
            230,
            86,
            0,
            0,
            0
        ]
    ]
}