{
    "epoch": 2,
    "loss": 0.10092965660095214,
    "accuracy": 0.302,
    "precision": 0.1330605057281618,
    "recall": 0.2991553828799386,
    "f1": 0.1746653808461693,
    "confusion_matrix": [
        [
            0,
            0,
            0,
            0,
            0,
            0,
            4,
            86,
            826,
            130
        ],
        [
            0,
            0,
            0,
            0,
            0,
            0,
            7,
            31,
            349,
            599
        ],
        [
            0,
            0,
            0,
            0,
            0,
            0,
            177,
            447,
            290,
            95
        ],
        [
            0,
            0,
            0,
            0,
            0,
            0,
            78,
            522,
            207,
            164
        ],
        [
            0,
            0,
            0,
            0,
            0,
            0,
            194,
            542,
            155,
            77
        ],
        [
            0,
            0,
            0,
            0,
            0,
            0,
            53,
            700,
            129,
            103
        ],
        [
            0,
            0,
            0,
            0,
            0,
            0,
            458,
            235,
            98,
            216
        ],
        [
            0,
            0,
            0,
            0,
            0,
            0,
            16,
            860,
            55,
            106
        ],
        [
            0,
            0,
            0,
            0,
            0,
            0,
            1,
            17,
            941,
            51
        ],
        [
            0,
            0,
            0,
            0,
            0,
            0,
            5,
            34,
            181,
            761
        ]
    ]
}