{
    "epoch": 3,
    "loss": 0.11953457403182983,
    "accuracy": 0.3355,
    "precision": 0.14814389501783948,
    "recall": 0.332438762922417,
    "f1": 0.19982619519229922,
    "confusion_matrix": [
        [
            0,
            0,
            0,
            0,
            0,
            0,
            29,
            230,
            544,
            243
        ],
        [
            0,
            0,
            0,
            0,
            0,
            0,
            16,
            62,
            71,
            837
        ],
        [
            0,
            0,
            0,
            0,
            0,
            0,
            287,
            570,
            91,
            61
        ],
        [
            0,
            0,
            0,
            0,
            0,
            0,
            234,
            587,
            37,
            113
        ],
        [
            0,
            0,
            0,
            0,
            0,
            0,
            302,
            591,
            30,
            45
        ],
        [
            0,
            0,
            0,
            0,
            0,
            0,
            119,
            791,
            13,
            62
        ],
        [
            0,
            0,
            0,
            0,
            0,
            0,
            764,
            149,
            18,
            76
        ],
        [
            0,
            0,
            0,
            0,
            0,
            0,
            21,
            973,
            7,
            36
        ],
        [
            0,
            0,
            0,
            0,
            0,
            0,
            8,
            59,
            749,
            194
        ],
        [
            0,
            0,
            0,
            0,
            0,
            0,
            10,
            83,
            19,
            869
        ]
    ]
}