{
    "loss": 0.01240558626006047,
    "accuracy": 0.7275833333333334,
    "precision": 0.7250471381909487,
    "recall": 0.7269964436269667,
    "f1": 0.7248869319114221,
    "confusion_matrix": [
        [
            936,
            37,
            36,
            17,
            19,
            10,
            7,
            21,
            75,
            21
        ],
        [
            26,
            1045,
            4,
            6,
            3,
            2,
            8,
            2,
            30,
            68
        ],
        [
            85,
            10,
            681,
            84,
            115,
            59,
            73,
            40,
            16,
            6
        ],
        [
            30,
            13,
            66,
            612,
            83,
            221,
            70,
            61,
            22,
            21
        ],
        [
            40,
            5,
            77,
            52,
            851,
            25,
            78,
            94,
            9,
            4
        ],
        [
            11,
            7,
            44,
            176,
            62,
            737,
            37,
            77,
            10,
            14
        ],
        [
            6,
            15,
            51,
            68,
            46,
            25,
            956,
            11,
            9,
            9
        ],
        [
            9,
            5,
            25,
            44,
            72,
            68,
            7,
            1008,
            4,
            16
        ],
        [
            81,
            52,
            13,
            12,
            10,
            5,
            6,
            4,
            984,
            27
        ],
        [
            39,
            162,
            8,
            17,
            2,
            9,
            11,
            10,
            22,
            921
        ]
    ]
}