{
    "epoch": 8,
    "loss": 0.012419260060787201,
    "accuracy": 0.7236,
    "precision": 0.7225122728324957,
    "recall": 0.7239012994161947,
    "f1": 0.7204297589205184,
    "confusion_matrix": [
        [
            769,
            23,
            34,
            20,
            8,
            4,
            8,
            20,
            61,
            49
        ],
        [
            10,
            834,
            4,
            5,
            4,
            2,
            10,
            4,
            11,
            92
        ],
        [
            85,
            5,
            537,
            69,
            85,
            74,
            90,
            40,
            14,
            10
        ],
        [
            16,
            4,
            55,
            528,
            43,
            170,
            134,
            39,
            12,
            28
        ],
        [
            29,
            3,
            59,
            43,
            597,
            39,
            87,
            121,
            6,
            4
        ],
        [
            4,
            4,
            46,
            154,
            39,
            616,
            35,
            55,
            4,
            10
        ],
        [
            4,
            6,
            26,
            42,
            26,
            18,
            871,
            5,
            6,
            6
        ],
        [
            8,
            3,
            24,
            46,
            47,
            51,
            11,
            815,
            2,
            9
        ],
        [
            51,
            38,
            12,
            7,
            4,
            2,
            18,
            4,
            814,
            42
        ],
        [
            18,
            83,
            3,
            15,
            1,
            6,
            20,
            10,
            6,
            855
        ]
    ]
}