{
    "epoch": 0,
    "loss": 0.03615139889717102,
    "accuracy": 0.1147,
    "precision": 0.035182214746020624,
    "recall": 0.11373781286640236,
    "f1": 0.04235956211396795,
    "confusion_matrix": [
        [
            0,
            96,
            0,
            16,
            0,
            0,
            0,
            0,
            0,
            884
        ],
        [
            0,
            244,
            0,
            23,
            0,
            0,
            0,
            0,
            0,
            709
        ],
        [
            0,
            248,
            0,
            33,
            0,
            0,
            0,
            0,
            0,
            728
        ],
        [
            0,
            290,
            0,
            46,
            0,
            0,
            0,
            0,
            0,
            693
        ],
        [
            0,
            224,
            0,
            62,
            0,
            0,
            0,
            0,
            0,
            702
        ],
        [
            0,
            315,
            0,
            60,
            0,
            0,
            0,
            0,
            0,
            592
        ],
        [
            0,
            232,
            0,
            34,
            0,
            0,
            0,
            0,
            0,
            744
        ],
        [
            0,
            286,
            0,
            38,
            0,
            0,
            0,
            0,
            0,
            692
        ],
        [
            0,
            65,
            0,
            48,
            0,
            0,
            0,
            0,
            0,
            879
        ],
        [
            0,
            148,
            0,
            12,
            0,
            0,
            0,
            0,
            0,
            857
        ]
    ]
}