{
    "epoch": 2,
    "loss": 0.02086261035203934,
    "accuracy": 0.5281,
    "precision": 0.5220043262064674,
    "recall": 0.5289908256510787,
    "f1": 0.5223645588580681,
    "confusion_matrix": [
        [
            532,
            56,
            57,
            21,
            15,
            6,
            17,
            24,
            202,
            66
        ],
        [
            19,
            721,
            4,
            8,
            7,
            6,
            27,
            13,
            58,
            113
        ],
        [
            103,
            16,
            347,
            66,
            133,
            139,
            94,
            67,
            31,
            13
        ],
        [
            15,
            23,
            104,
            302,
            47,
            287,
            129,
            64,
            16,
            42
        ],
        [
            51,
            9,
            181,
            33,
            373,
            69,
            119,
            132,
            12,
            9
        ],
        [
            7,
            9,
            97,
            154,
            59,
            489,
            46,
            85,
            8,
            13
        ],
        [
            8,
            23,
            60,
            66,
            92,
            25,
            681,
            25,
            4,
            26
        ],
        [
            11,
            7,
            38,
            64,
            86,
            118,
            44,
            602,
            9,
            37
        ],
        [
            115,
            91,
            28,
            8,
            4,
            9,
            9,
            7,
            657,
            64
        ],
        [
            38,
            224,
            6,
            16,
            5,
            5,
            45,
            38,
            63,
            577
        ]
    ]
}