{
    "epoch": 5,
    "loss": 0.015645192927122117,
    "accuracy": 0.647,
    "precision": 0.6441159055328312,
    "recall": 0.6474453986418627,
    "f1": 0.6426786822216422,
    "confusion_matrix": [
        [
            691,
            46,
            33,
            27,
            10,
            6,
            8,
            13,
            128,
            34
        ],
        [
            8,
            844,
            2,
            7,
            5,
            5,
            10,
            3,
            20,
            72
        ],
        [
            99,
            9,
            434,
            99,
            103,
            82,
            89,
            47,
            33,
            14
        ],
        [
            24,
            10,
            69,
            514,
            46,
            174,
            113,
            32,
            20,
            27
        ],
        [
            33,
            8,
            113,
            65,
            498,
            40,
            102,
            114,
            10,
            5
        ],
        [
            7,
            4,
            80,
            210,
            50,
            502,
            35,
            59,
            8,
            12
        ],
        [
            4,
            15,
            39,
            74,
            49,
            12,
            793,
            7,
            9,
            8
        ],
        [
            10,
            6,
            27,
            68,
            64,
            70,
            13,
            728,
            5,
            25
        ],
        [
            61,
            62,
            9,
            11,
            3,
            0,
            14,
            2,
            804,
            26
        ],
        [
            31,
            214,
            6,
            17,
            1,
            5,
            31,
            14,
            36,
            662
        ]
    ]
}