{
    "loss": 0.013024558454751969,
    "accuracy": 0.7075,
    "precision": 0.7047599141848957,
    "recall": 0.7075,
    "f1": 0.7019848232473793,
    "confusion_matrix": [
        [
            773,
            18,
            44,
            11,
            10,
            11,
            13,
            18,
            57,
            45
        ],
        [
            15,
            818,
            3,
            4,
            4,
            5,
            11,
            5,
            19,
            116
        ],
        [
            77,
            5,
            571,
            33,
            87,
            80,
            82,
            38,
            14,
            13
        ],
        [
            25,
            14,
            73,
            374,
            65,
            251,
            111,
            45,
            14,
            28
        ],
        [
            30,
            2,
            78,
            34,
            613,
            48,
            70,
            111,
            10,
            4
        ],
        [
            14,
            5,
            59,
            94,
            43,
            683,
            31,
            50,
            10,
            11
        ],
        [
            4,
            6,
            46,
            30,
            42,
            14,
            828,
            11,
            8,
            11
        ],
        [
            12,
            4,
            34,
            22,
            50,
            71,
            11,
            785,
            2,
            9
        ],
        [
            62,
            41,
            9,
            5,
            6,
            6,
            4,
            4,
            833,
            30
        ],
        [
            34,
            83,
            7,
            9,
            5,
            13,
            15,
            19,
            18,
            797
        ]
    ]
}