{
    "epoch": 4,
    "loss": 0.017316543239355088,
    "accuracy": 0.6029,
    "precision": 0.598303132823089,
    "recall": 0.6033887914242256,
    "f1": 0.5932124880738233,
    "confusion_matrix": [
        [
            579,
            58,
            55,
            18,
            10,
            7,
            13,
            16,
            176,
            64
        ],
        [
            8,
            837,
            3,
            3,
            3,
            2,
            12,
            2,
            21,
            85
        ],
        [
            85,
            19,
            433,
            64,
            111,
            63,
            131,
            45,
            37,
            21
        ],
        [
            17,
            29,
            94,
            351,
            53,
            164,
            206,
            51,
            17,
            47
        ],
        [
            29,
            14,
            143,
            35,
            424,
            31,
            159,
            128,
            13,
            12
        ],
        [
            2,
            12,
            96,
            169,
            62,
            429,
            67,
            101,
            10,
            19
        ],
        [
            5,
            19,
            38,
            37,
            41,
            6,
            818,
            7,
            8,
            31
        ],
        [
            8,
            9,
            32,
            54,
            71,
            52,
            29,
            712,
            8,
            41
        ],
        [
            39,
            80,
            12,
            6,
            2,
            7,
            16,
            2,
            784,
            44
        ],
        [
            23,
            231,
            7,
            11,
            2,
            2,
            29,
            16,
            34,
            662
        ]
    ]
}