{
    "epoch": 1,
    "loss": 0.030447002339363097,
    "accuracy": 0.4287,
    "precision": 0.4410669630562353,
    "recall": 0.42894410055475235,
    "f1": 0.4096951308073858,
    "confusion_matrix": [
        [
            556,
            54,
            3,
            38,
            23,
            3,
            32,
            15,
            225,
            47
        ],
        [
            51,
            454,
            1,
            40,
            12,
            2,
            81,
            10,
            148,
            177
        ],
        [
            168,
            10,
            28,
            179,
            306,
            64,
            161,
            38,
            41,
            14
        ],
        [
            49,
            17,
            12,
            449,
            86,
            145,
            178,
            34,
            18,
            41
        ],
        [
            92,
            7,
            15,
            105,
            471,
            44,
            174,
            43,
            25,
            12
        ],
        [
            40,
            5,
            13,
            327,
            126,
            302,
            101,
            29,
            12,
            12
        ],
        [
            24,
            19,
            8,
            135,
            123,
            16,
            633,
            17,
            4,
            31
        ],
        [
            53,
            20,
            3,
            175,
            208,
            76,
            98,
            310,
            13,
            60
        ],
        [
            210,
            59,
            6,
            24,
            9,
            0,
            15,
            2,
            613,
            54
        ],
        [
            75,
            137,
            1,
            43,
            5,
            4,
            77,
            21,
            183,
            471
        ]
    ]
}