{
    "epoch": 7,
    "loss": 0.013638058650493622,
    "accuracy": 0.6961,
    "precision": 0.6980913596035396,
    "recall": 0.696909721518257,
    "f1": 0.6910286746063027,
    "confusion_matrix": [
        [
            732,
            38,
            36,
            17,
            23,
            7,
            8,
            19,
            57,
            59
        ],
        [
            9,
            831,
            5,
            3,
            7,
            3,
            8,
            4,
            4,
            102
        ],
        [
            76,
            10,
            461,
            45,
            164,
            83,
            107,
            35,
            15,
            13
        ],
        [
            17,
            9,
            39,
            426,
            94,
            212,
            150,
            36,
            12,
            34
        ],
        [
            24,
            4,
            36,
            26,
            662,
            39,
            94,
            94,
            6,
            3
        ],
        [
            4,
            3,
            48,
            115,
            73,
            619,
            43,
            44,
            6,
            12
        ],
        [
            2,
            10,
            23,
            30,
            48,
            19,
            864,
            2,
            5,
            7
        ],
        [
            6,
            1,
            19,
            42,
            83,
            59,
            11,
            774,
            2,
            19
        ],
        [
            59,
            67,
            8,
            5,
            9,
            3,
            17,
            3,
            768,
            53
        ],
        [
            15,
            116,
            4,
            7,
            3,
            6,
            23,
            12,
            7,
            824
        ]
    ]
}