{
    "epoch": 6,
    "loss": 0.014571898943185807,
    "accuracy": 0.6776,
    "precision": 0.6716019111469848,
    "recall": 0.6778580752978158,
    "f1": 0.6706736049856546,
    "confusion_matrix": [
        [
            782,
            19,
            28,
            11,
            9,
            3,
            7,
            11,
            85,
            41
        ],
        [
            13,
            809,
            5,
            4,
            6,
            0,
            9,
            3,
            19,
            108
        ],
        [
            116,
            5,
            495,
            49,
            90,
            56,
            93,
            58,
            30,
            17
        ],
        [
            29,
            9,
            75,
            436,
            64,
            145,
            143,
            66,
            20,
            42
        ],
        [
            40,
            5,
            101,
            28,
            542,
            22,
            103,
            133,
            9,
            5
        ],
        [
            10,
            7,
            83,
            171,
            50,
            491,
            39,
            95,
            9,
            12
        ],
        [
            7,
            8,
            41,
            40,
            43,
            6,
            831,
            7,
            13,
            14
        ],
        [
            16,
            4,
            29,
            42,
            53,
            36,
            13,
            795,
            6,
            22
        ],
        [
            77,
            43,
            6,
            2,
            4,
            0,
            12,
            3,
            820,
            25
        ],
        [
            44,
            122,
            6,
            6,
            2,
            3,
            23,
            10,
            26,
            775
        ]
    ]
}