{
    "epoch": 9,
    "loss": 0.0115843755453825,
    "accuracy": 0.7465,
    "precision": 0.7451000711591422,
    "recall": 0.7467976216445943,
    "f1": 0.7443419277728708,
    "confusion_matrix": [
        [
            755,
            24,
            38,
            19,
            14,
            6,
            3,
            14,
            64,
            59
        ],
        [
            8,
            824,
            5,
            3,
            4,
            4,
            4,
            4,
            9,
            111
        ],
        [
            72,
            3,
            584,
            52,
            104,
            60,
            59,
            39,
            18,
            18
        ],
        [
            13,
            2,
            51,
            551,
            59,
            176,
            78,
            46,
            15,
            38
        ],
        [
            21,
            2,
            48,
            42,
            681,
            25,
            50,
            109,
            7,
            3
        ],
        [
            4,
            2,
            44,
            143,
            49,
            642,
            11,
            57,
            3,
            12
        ],
        [
            5,
            8,
            40,
            59,
            33,
            20,
            823,
            6,
            4,
            12
        ],
        [
            4,
            2,
            24,
            40,
            49,
            35,
            2,
            847,
            1,
            12
        ],
        [
            42,
            32,
            7,
            6,
            7,
            2,
            6,
            2,
            852,
            36
        ],
        [
            13,
            59,
            2,
            9,
            4,
            4,
            5,
            7,
            8,
            906
        ]
    ]
}