{
    "epoch": 3,
    "loss": 0.018858925276994704,
    "accuracy": 0.5724,
    "precision": 0.5675803035659672,
    "recall": 0.5730230849577871,
    "f1": 0.5622884679248739,
    "confusion_matrix": [
        [
            621,
            29,
            32,
            25,
            14,
            11,
            19,
            24,
            155,
            66
        ],
        [
            26,
            700,
            3,
            5,
            11,
            5,
            22,
            9,
            38,
            157
        ],
        [
            112,
            9,
            220,
            95,
            212,
            136,
            118,
            67,
            26,
            14
        ],
        [
            27,
            15,
            40,
            366,
            58,
            262,
            167,
            46,
            15,
            33
        ],
        [
            44,
            7,
            59,
            47,
            452,
            80,
            138,
            144,
            10,
            7
        ],
        [
            7,
            6,
            41,
            163,
            75,
            518,
            59,
            77,
            8,
            13
        ],
        [
            7,
            12,
            21,
            50,
            73,
            25,
            775,
            16,
            7,
            24
        ],
        [
            12,
            4,
            14,
            69,
            72,
            106,
            37,
            667,
            5,
            30
        ],
        [
            112,
            53,
            15,
            9,
            5,
            9,
            14,
            3,
            698,
            74
        ],
        [
            35,
            134,
            2,
            14,
            4,
            9,
            46,
            25,
            41,
            707
        ]
    ]
}