{
    "epoch": 2,
    "loss": 0.015094756489992141,
    "accuracy": 0.6651,
    "precision": 0.7000934499711556,
    "recall": 0.665522380122489,
    "f1": 0.6735358142755821,
    "confusion_matrix": [
        [
            629,
            27,
            113,
            53,
            27,
            17,
            3,
            17,
            86,
            32
        ],
        [
            17,
            791,
            22,
            25,
            7,
            8,
            13,
            5,
            27,
            72
        ],
        [
            24,
            0,
            617,
            112,
            76,
            67,
            30,
            19,
            12,
            1
        ],
        [
            13,
            0,
            67,
            611,
            34,
            200,
            15,
            14,
            12,
            4
        ],
        [
            10,
            1,
            121,
            98,
            625,
            75,
            23,
            81,
            5,
            1
        ],
        [
            2,
            2,
            67,
            227,
            37,
            650,
            5,
            27,
            5,
            0
        ],
        [
            0,
            11,
            104,
            230,
            71,
            48,
            570,
            3,
            4,
            4
        ],
        [
            6,
            2,
            57,
            81,
            69,
            94,
            2,
            659,
            1,
            5
        ],
        [
            57,
            25,
            30,
            51,
            8,
            13,
            1,
            10,
            834,
            23
        ],
        [
            18,
            108,
            16,
            74,
            3,
            12,
            13,
            18,
            19,
            665
        ]
    ]
}