{
    "epoch": 4,
    "loss": 0.01255747594833374,
    "accuracy": 0.721,
    "precision": 0.7278742996308811,
    "recall": 0.720735364608468,
    "f1": 0.7225087109109813,
    "confusion_matrix": [
        [
            767,
            24,
            53,
            23,
            26,
            10,
            1,
            15,
            40,
            45
        ],
        [
            8,
            825,
            8,
            16,
            4,
            4,
            7,
            3,
            11,
            101
        ],
        [
            48,
            2,
            569,
            72,
            116,
            52,
            50,
            26,
            14,
            9
        ],
        [
            19,
            6,
            63,
            550,
            62,
            180,
            38,
            27,
            14,
            11
        ],
        [
            16,
            3,
            56,
            53,
            775,
            32,
            31,
            64,
            5,
            5
        ],
        [
            9,
            5,
            55,
            193,
            53,
            644,
            13,
            42,
            4,
            4
        ],
        [
            6,
            7,
            51,
            111,
            84,
            34,
            740,
            2,
            4,
            6
        ],
        [
            8,
            3,
            28,
            46,
            89,
            46,
            3,
            744,
            0,
            9
        ],
        [
            78,
            45,
            23,
            13,
            11,
            8,
            3,
            10,
            810,
            51
        ],
        [
            25,
            62,
            3,
            31,
            4,
            7,
            6,
            12,
            10,
            786
        ]
    ]
}