{
    "epoch": 6,
    "loss": 0.012449019581079484,
    "accuracy": 0.7283,
    "precision": 0.7328757647922071,
    "recall": 0.7289168139543618,
    "f1": 0.7276959381692485,
    "confusion_matrix": [
        [
            838,
            17,
            33,
            18,
            9,
            8,
            2,
            12,
            33,
            34
        ],
        [
            20,
            838,
            6,
            7,
            1,
            3,
            7,
            2,
            16,
            87
        ],
        [
            81,
            3,
            622,
            67,
            38,
            40,
            56,
            29,
            13,
            9
        ],
        [
            37,
            10,
            65,
            582,
            27,
            119,
            57,
            40,
            18,
            15
        ],
        [
            33,
            8,
            112,
            81,
            596,
            30,
            45,
            116,
            11,
            8
        ],
        [
            12,
            6,
            61,
            212,
            33,
            610,
            21,
            54,
            7,
            6
        ],
        [
            13,
            12,
            64,
            77,
            35,
            27,
            798,
            5,
            7,
            7
        ],
        [
            22,
            4,
            30,
            49,
            40,
            31,
            7,
            780,
            1,
            12
        ],
        [
            122,
            35,
            8,
            10,
            1,
            4,
            5,
            12,
            826,
            29
        ],
        [
            35,
            55,
            6,
            17,
            1,
            3,
            9,
            12,
            15,
            793
        ]
    ]
}