{
    "epoch": 3,
    "loss": 0.013127727019786834,
    "accuracy": 0.704,
    "precision": 0.7086510991541349,
    "recall": 0.704024741275576,
    "f1": 0.7040260751407321,
    "confusion_matrix": [
        [
            774,
            22,
            59,
            12,
            33,
            7,
            3,
            22,
            40,
            32
        ],
        [
            16,
            836,
            6,
            8,
            3,
            3,
            8,
            5,
            19,
            83
        ],
        [
            49,
            5,
            587,
            55,
            126,
            44,
            32,
            32,
            18,
            10
        ],
        [
            30,
            6,
            85,
            480,
            63,
            185,
            38,
            46,
            23,
            14
        ],
        [
            18,
            2,
            85,
            48,
            717,
            35,
            16,
            105,
            11,
            3
        ],
        [
            8,
            1,
            76,
            154,
            54,
            636,
            15,
            61,
            6,
            11
        ],
        [
            8,
            14,
            76,
            77,
            125,
            28,
            684,
            12,
            9,
            12
        ],
        [
            11,
            3,
            35,
            33,
            73,
            41,
            1,
            766,
            2,
            11
        ],
        [
            117,
            43,
            16,
            18,
            15,
            2,
            1,
            12,
            802,
            26
        ],
        [
            33,
            83,
            2,
            18,
            7,
            4,
            7,
            18,
            16,
            758
        ]
    ]
}