{
    "epoch": 5,
    "loss": 0.01235249838232994,
    "accuracy": 0.7283,
    "precision": 0.7359500607618167,
    "recall": 0.7284795617940926,
    "f1": 0.7299433155451617,
    "confusion_matrix": [
        [
            841,
            18,
            33,
            19,
            7,
            11,
            1,
            8,
            33,
            33
        ],
        [
            26,
            858,
            7,
            11,
            2,
            2,
            5,
            4,
            16,
            56
        ],
        [
            72,
            5,
            615,
            71,
            59,
            51,
            40,
            23,
            15,
            7
        ],
        [
            36,
            6,
            62,
            564,
            28,
            182,
            38,
            33,
            15,
            6
        ],
        [
            32,
            3,
            93,
            81,
            676,
            44,
            24,
            77,
            6,
            4
        ],
        [
            12,
            6,
            71,
            175,
            38,
            662,
            10,
            41,
            4,
            3
        ],
        [
            9,
            13,
            74,
            105,
            62,
            41,
            726,
            3,
            4,
            8
        ],
        [
            24,
            5,
            33,
            51,
            53,
            48,
            4,
            747,
            1,
            10
        ],
        [
            108,
            29,
            12,
            18,
            7,
            4,
            3,
            10,
            830,
            31
        ],
        [
            37,
            77,
            6,
            34,
            2,
            6,
            4,
            7,
            9,
            764
        ]
    ]
}