{
    "epoch": 0,
    "loss": 0.019911847031116484,
    "accuracy": 0.5316,
    "precision": 0.5663297930251194,
    "recall": 0.5317054300319294,
    "f1": 0.5129609095987715,
    "confusion_matrix": [
        [
            630,
            106,
            66,
            5,
            1,
            34,
            5,
            17,
            60,
            80
        ],
        [
            13,
            872,
            1,
            10,
            1,
            8,
            6,
            3,
            7,
            66
        ],
        [
            78,
            30,
            466,
            23,
            27,
            192,
            64,
            29,
            13,
            36
        ],
        [
            24,
            24,
            87,
            131,
            11,
            537,
            71,
            21,
            7,
            57
        ],
        [
            48,
            23,
            298,
            21,
            183,
            205,
            103,
            127,
            8,
            24
        ],
        [
            8,
            18,
            78,
            46,
            12,
            735,
            30,
            60,
            6,
            29
        ],
        [
            8,
            35,
            112,
            65,
            14,
            107,
            645,
            14,
            3,
            42
        ],
        [
            13,
            21,
            44,
            20,
            20,
            202,
            13,
            581,
            2,
            60
        ],
        [
            181,
            163,
            14,
            4,
            2,
            29,
            3,
            3,
            538,
            115
        ],
        [
            24,
            335,
            1,
            7,
            0,
            15,
            13,
            10,
            6,
            535
        ]
    ]
}