{
    "loss": 0.013223582953214645,
    "accuracy": 0.7453,
    "precision": 0.7423911289806622,
    "recall": 0.7453,
    "f1": 0.7433926023221925,
    "confusion_matrix": [
        [
            775,
            17,
            49,
            13,
            16,
            5,
            9,
            11,
            73,
            32
        ],
        [
            11,
            888,
            3,
            9,
            2,
            1,
            9,
            3,
            12,
            62
        ],
        [
            56,
            11,
            640,
            46,
            94,
            49,
            51,
            26,
            16,
            11
        ],
        [
            27,
            14,
            73,
            511,
            69,
            164,
            65,
            42,
            15,
            20
        ],
        [
            12,
            3,
            73,
            52,
            700,
            34,
            46,
            58,
            15,
            7
        ],
        [
            12,
            3,
            54,
            139,
            39,
            660,
            21,
            53,
            9,
            10
        ],
        [
            4,
            8,
            55,
            46,
            27,
            23,
            814,
            5,
            6,
            12
        ],
        [
            14,
            3,
            33,
            32,
            58,
            46,
            6,
            782,
            3,
            23
        ],
        [
            32,
            36,
            12,
            14,
            7,
            3,
            6,
            3,
            862,
            25
        ],
        [
            25,
            94,
            11,
            9,
            3,
            7,
            7,
            8,
            15,
            821
        ]
    ]
}