{
    "epoch": 1,
    "loss": 0.01529005507826805,
    "accuracy": 0.6487,
    "precision": 0.6534709054288502,
    "recall": 0.6481578345854576,
    "f1": 0.6467788262913077,
    "confusion_matrix": [
        [
            644,
            20,
            61,
            31,
            10,
            5,
            6,
            10,
            164,
            53
        ],
        [
            14,
            730,
            9,
            10,
            2,
            2,
            19,
            4,
            64,
            133
        ],
        [
            54,
            6,
            543,
            68,
            66,
            61,
            80,
            21,
            43,
            16
        ],
        [
            17,
            11,
            87,
            468,
            35,
            151,
            122,
            31,
            30,
            18
        ],
        [
            31,
            5,
            176,
            65,
            506,
            37,
            94,
            106,
            17,
            3
        ],
        [
            6,
            8,
            70,
            248,
            42,
            509,
            59,
            57,
            10,
            13
        ],
        [
            2,
            8,
            84,
            71,
            43,
            15,
            798,
            1,
            11,
            12
        ],
        [
            17,
            9,
            50,
            69,
            70,
            53,
            17,
            672,
            3,
            16
        ],
        [
            48,
            23,
            16,
            20,
            4,
            4,
            10,
            6,
            890,
            31
        ],
        [
            25,
            84,
            6,
            25,
            1,
            1,
            28,
            7,
            42,
            727
        ]
    ]
}