{
    "epoch": 4,
    "loss": 0.015551372402906417,
    "accuracy": 0.7214,
    "precision": 0.7228583132047837,
    "recall": 0.721781287209405,
    "f1": 0.7212008314802668,
    "confusion_matrix": [
        [
            731,
            18,
            49,
            10,
            18,
            4,
            5,
            21,
            99,
            30
        ],
        [
            22,
            794,
            7,
            14,
            7,
            14,
            25,
            5,
            54,
            67
        ],
        [
            43,
            3,
            673,
            58,
            101,
            40,
            69,
            21,
            17,
            5
        ],
        [
            13,
            7,
            63,
            528,
            61,
            174,
            53,
            52,
            20,
            17
        ],
        [
            23,
            2,
            52,
            31,
            730,
            20,
            41,
            74,
            8,
            8
        ],
        [
            13,
            2,
            46,
            158,
            80,
            624,
            23,
            53,
            8,
            8
        ],
        [
            5,
            8,
            47,
            44,
            67,
            29,
            752,
            12,
            7,
            5
        ],
        [
            9,
            7,
            40,
            37,
            91,
            45,
            10,
            765,
            1,
            22
        ],
        [
            52,
            26,
            14,
            11,
            18,
            3,
            3,
            4,
            839,
            18
        ],
        [
            20,
            73,
            5,
            20,
            9,
            13,
            16,
            11,
            48,
            778
        ]
    ]
}