{
    "epoch": 0,
    "loss": 0.01783633131980896,
    "accuracy": 0.6961,
    "precision": 0.7055418832001404,
    "recall": 0.6961860277188461,
    "f1": 0.6971582368543724,
    "confusion_matrix": [
        [
            561,
            36,
            50,
            19,
            26,
            90,
            2,
            15,
            150,
            36
        ],
        [
            11,
            817,
            6,
            21,
            4,
            19,
            14,
            4,
            22,
            91
        ],
        [
            44,
            10,
            679,
            46,
            82,
            68,
            48,
            30,
            19,
            4
        ],
        [
            6,
            9,
            72,
            577,
            61,
            146,
            34,
            46,
            16,
            21
        ],
        [
            19,
            3,
            66,
            45,
            729,
            27,
            19,
            55,
            13,
            13
        ],
        [
            5,
            3,
            52,
            190,
            71,
            600,
            12,
            68,
            3,
            11
        ],
        [
            2,
            8,
            89,
            68,
            85,
            20,
            681,
            11,
            5,
            7
        ],
        [
            10,
            9,
            30,
            50,
            131,
            46,
            1,
            718,
            5,
            27
        ],
        [
            20,
            50,
            15,
            8,
            12,
            62,
            2,
            1,
            783,
            35
        ],
        [
            13,
            74,
            5,
            20,
            9,
            6,
            7,
            19,
            24,
            816
        ]
    ]
}