{
    "epoch": 7,
    "loss": 0.019005672255158423,
    "accuracy": 0.7177,
    "precision": 0.7175434074721403,
    "recall": 0.7180851075523735,
    "f1": 0.717365545526104,
    "confusion_matrix": [
        [
            753,
            16,
            53,
            15,
            17,
            6,
            4,
            17,
            75,
            29
        ],
        [
            26,
            766,
            6,
            24,
            3,
            9,
            18,
            9,
            49,
            99
        ],
        [
            60,
            5,
            670,
            57,
            67,
            41,
            78,
            27,
            18,
            7
        ],
        [
            16,
            11,
            61,
            520,
            52,
            188,
            56,
            44,
            18,
            22
        ],
        [
            40,
            5,
            80,
            51,
            664,
            24,
            38,
            72,
            3,
            12
        ],
        [
            14,
            4,
            55,
            138,
            64,
            655,
            30,
            43,
            3,
            9
        ],
        [
            8,
            7,
            55,
            37,
            38,
            22,
            791,
            7,
            5,
            6
        ],
        [
            14,
            5,
            36,
            40,
            84,
            49,
            8,
            762,
            1,
            28
        ],
        [
            74,
            28,
            23,
            15,
            19,
            6,
            4,
            4,
            793,
            22
        ],
        [
            22,
            67,
            5,
            21,
            4,
            9,
            13,
            13,
            36,
            803
        ]
    ]
}