{
    "epoch": 2,
    "loss": 0.013342826783657074,
    "accuracy": 0.7161,
    "precision": 0.7177689511321919,
    "recall": 0.7161096601139668,
    "f1": 0.7145602350995429,
    "confusion_matrix": [
        [
            752,
            13,
            86,
            12,
            10,
            7,
            3,
            14,
            40,
            48
        ],
        [
            26,
            802,
            14,
            11,
            2,
            4,
            11,
            4,
            43,
            92
        ],
        [
            55,
            2,
            717,
            54,
            51,
            41,
            77,
            19,
            6,
            8
        ],
        [
            17,
            13,
            49,
            497,
            39,
            212,
            76,
            44,
            17,
            24
        ],
        [
            29,
            6,
            93,
            43,
            597,
            29,
            76,
            97,
            6,
            13
        ],
        [
            13,
            7,
            55,
            106,
            43,
            679,
            41,
            53,
            4,
            14
        ],
        [
            12,
            7,
            46,
            40,
            23,
            17,
            818,
            4,
            5,
            4
        ],
        [
            16,
            4,
            36,
            31,
            54,
            67,
            14,
            777,
            2,
            26
        ],
        [
            111,
            32,
            48,
            13,
            11,
            2,
            8,
            3,
            711,
            49
        ],
        [
            26,
            81,
            7,
            11,
            2,
            9,
            12,
            14,
            20,
            811
        ]
    ]
}