{
    "epoch": 1,
    "loss": 0.012511018991470337,
    "accuracy": 0.7218,
    "precision": 0.7237752268786988,
    "recall": 0.7215576543480993,
    "f1": 0.7205486573345513,
    "confusion_matrix": [
        [
            729,
            31,
            57,
            11,
            33,
            10,
            3,
            20,
            67,
            24
        ],
        [
            19,
            857,
            6,
            12,
            7,
            7,
            16,
            4,
            28,
            53
        ],
        [
            37,
            8,
            713,
            37,
            74,
            47,
            72,
            28,
            12,
            2
        ],
        [
            8,
            8,
            70,
            484,
            49,
            233,
            63,
            47,
            12,
            14
        ],
        [
            21,
            2,
            66,
            27,
            647,
            44,
            44,
            119,
            9,
            10
        ],
        [
            5,
            6,
            56,
            96,
            42,
            725,
            25,
            53,
            2,
            5
        ],
        [
            5,
            7,
            53,
            24,
            48,
            35,
            777,
            14,
            8,
            5
        ],
        [
            11,
            5,
            50,
            34,
            58,
            49,
            7,
            796,
            0,
            17
        ],
        [
            82,
            44,
            17,
            8,
            32,
            7,
            4,
            5,
            754,
            35
        ],
        [
            23,
            137,
            9,
            16,
            8,
            11,
            9,
            20,
            24,
            736
        ]
    ]
}