{
    "epoch": 3,
    "loss": 0.015014976212382316,
    "accuracy": 0.7039,
    "precision": 0.7111486455210383,
    "recall": 0.7040122292144724,
    "f1": 0.7047824840474379,
    "confusion_matrix": [
        [
            694,
            37,
            82,
            26,
            15,
            5,
            5,
            26,
            67,
            28
        ],
        [
            18,
            853,
            7,
            24,
            5,
            4,
            14,
            3,
            21,
            60
        ],
        [
            40,
            11,
            668,
            68,
            95,
            37,
            80,
            17,
            7,
            7
        ],
        [
            8,
            10,
            56,
            596,
            49,
            159,
            50,
            45,
            7,
            8
        ],
        [
            15,
            7,
            44,
            54,
            699,
            22,
            63,
            70,
            7,
            8
        ],
        [
            5,
            5,
            47,
            168,
            71,
            635,
            25,
            47,
            4,
            8
        ],
        [
            5,
            14,
            48,
            61,
            46,
            21,
            766,
            5,
            4,
            6
        ],
        [
            7,
            5,
            36,
            65,
            95,
            45,
            10,
            751,
            1,
            12
        ],
        [
            74,
            164,
            34,
            25,
            23,
            4,
            7,
            3,
            626,
            28
        ],
        [
            13,
            129,
            5,
            25,
            3,
            10,
            11,
            17,
            29,
            751
        ]
    ]
}