{
    "loss": 0.019939847445487976,
    "accuracy": 0.716,
    "precision": 0.7160713435802298,
    "recall": 0.716,
    "f1": 0.7150273271148764,
    "confusion_matrix": [
        [
            776,
            14,
            38,
            15,
            20,
            4,
            6,
            11,
            85,
            31
        ],
        [
            25,
            775,
            1,
            12,
            3,
            9,
            11,
            7,
            36,
            121
        ],
        [
            61,
            7,
            611,
            58,
            95,
            64,
            55,
            31,
            12,
            6
        ],
        [
            16,
            10,
            51,
            503,
            68,
            206,
            65,
            50,
            10,
            21
        ],
        [
            21,
            7,
            59,
            53,
            660,
            43,
            65,
            71,
            12,
            9
        ],
        [
            14,
            6,
            25,
            132,
            55,
            687,
            17,
            56,
            4,
            4
        ],
        [
            10,
            5,
            37,
            56,
            53,
            30,
            787,
            11,
            5,
            6
        ],
        [
            19,
            3,
            24,
            35,
            70,
            56,
            7,
            770,
            5,
            11
        ],
        [
            79,
            31,
            10,
            9,
            9,
            8,
            7,
            6,
            816,
            25
        ],
        [
            45,
            82,
            4,
            13,
            12,
            15,
            6,
            22,
            26,
            775
        ]
    ]
}