{
    "epoch": 0,
    "loss": 0.018572524978468816,
    "accuracy": 0.5767708333333333,
    "precision": 0.5940193466236511,
    "recall": 0.5775348842204558,
    "f1": 0.5792175080643245,
    "confusion_matrix": [
        [
            532,
            22,
            94,
            49,
            28,
            11,
            8,
            6,
            187,
            32
        ],
        [
            21,
            667,
            10,
            21,
            6,
            3,
            18,
            2,
            58,
            126
        ],
        [
            72,
            10,
            457,
            118,
            89,
            101,
            69,
            16,
            29,
            7
        ],
        [
            12,
            7,
            83,
            540,
            37,
            197,
            88,
            10,
            20,
            10
        ],
        [
            30,
            10,
            212,
            84,
            340,
            107,
            106,
            58,
            17,
            4
        ],
        [
            7,
            5,
            80,
            256,
            44,
            495,
            45,
            28,
            7,
            3
        ],
        [
            6,
            5,
            73,
            84,
            49,
            22,
            673,
            2,
            6,
            8
        ],
        [
            10,
            4,
            54,
            98,
            71,
            147,
            23,
            480,
            4,
            23
        ],
        [
            64,
            54,
            29,
            32,
            5,
            5,
            11,
            6,
            741,
            35
        ],
        [
            30,
            137,
            9,
            53,
            5,
            8,
            53,
            18,
            40,
            612
        ]
    ]
}