{
    "epoch": 4,
    "loss": 0.01229604935583969,
    "accuracy": 0.725,
    "precision": 0.7298572560485409,
    "recall": 0.7261977775704074,
    "f1": 0.7260457864849953,
    "confusion_matrix": [
        [
            791,
            10,
            49,
            17,
            15,
            1,
            5,
            5,
            55,
            21
        ],
        [
            26,
            787,
            5,
            7,
            5,
            1,
            2,
            6,
            25,
            68
        ],
        [
            94,
            4,
            600,
            61,
            80,
            34,
            43,
            20,
            18,
            14
        ],
        [
            36,
            5,
            89,
            598,
            52,
            107,
            51,
            26,
            21,
            19
        ],
        [
            29,
            1,
            99,
            63,
            629,
            17,
            53,
            60,
            8,
            9
        ],
        [
            13,
            1,
            87,
            188,
            44,
            523,
            29,
            64,
            8,
            13
        ],
        [
            11,
            6,
            57,
            76,
            34,
            16,
            712,
            3,
            6,
            7
        ],
        [
            15,
            1,
            54,
            42,
            49,
            30,
            4,
            696,
            6,
            17
        ],
        [
            84,
            23,
            13,
            9,
            4,
            1,
            3,
            3,
            825,
            17
        ],
        [
            37,
            56,
            7,
            14,
            4,
            4,
            13,
            8,
            23,
            799
        ]
    ]
}