{
    "epoch": 9,
    "loss": 0.013317353064194322,
    "accuracy": 0.7365625,
    "precision": 0.7390413803991296,
    "recall": 0.7375861350712295,
    "f1": 0.7363545429060057,
    "confusion_matrix": [
        [
            745,
            22,
            23,
            15,
            16,
            6,
            1,
            12,
            107,
            22
        ],
        [
            8,
            801,
            4,
            3,
            2,
            3,
            0,
            3,
            39,
            69
        ],
        [
            83,
            7,
            630,
            45,
            64,
            38,
            29,
            25,
            29,
            18
        ],
        [
            27,
            10,
            79,
            569,
            38,
            140,
            38,
            41,
            36,
            26
        ],
        [
            23,
            2,
            83,
            65,
            633,
            38,
            23,
            63,
            31,
            7
        ],
        [
            13,
            3,
            54,
            147,
            36,
            627,
            15,
            50,
            15,
            10
        ],
        [
            6,
            11,
            72,
            74,
            32,
            36,
            660,
            1,
            20,
            16
        ],
        [
            22,
            6,
            30,
            36,
            41,
            36,
            3,
            716,
            6,
            18
        ],
        [
            28,
            20,
            7,
            8,
            5,
            1,
            2,
            2,
            901,
            8
        ],
        [
            15,
            80,
            4,
            8,
            3,
            7,
            3,
            9,
            47,
            789
        ]
    ]
}