{
    "epoch": 5,
    "loss": 0.012266754942635695,
    "accuracy": 0.7321875,
    "precision": 0.7399645501487677,
    "recall": 0.7334679718087457,
    "f1": 0.734175560187874,
    "confusion_matrix": [
        [
            749,
            12,
            57,
            19,
            24,
            6,
            7,
            15,
            69,
            11
        ],
        [
            13,
            802,
            9,
            15,
            1,
            1,
            8,
            3,
            32,
            48
        ],
        [
            71,
            2,
            594,
            69,
            77,
            37,
            81,
            20,
            15,
            2
        ],
        [
            21,
            3,
            53,
            626,
            37,
            126,
            96,
            20,
            17,
            5
        ],
        [
            14,
            1,
            69,
            74,
            643,
            28,
            79,
            45,
            13,
            2
        ],
        [
            7,
            0,
            46,
            218,
            39,
            562,
            48,
            43,
            6,
            1
        ],
        [
            4,
            0,
            39,
            63,
            27,
            12,
            777,
            0,
            4,
            2
        ],
        [
            6,
            2,
            32,
            52,
            59,
            52,
            9,
            693,
            3,
            6
        ],
        [
            44,
            17,
            20,
            12,
            3,
            2,
            12,
            2,
            863,
            7
        ],
        [
            28,
            73,
            9,
            30,
            7,
            10,
            31,
            17,
            40,
            720
        ]
    ]
}