{
    "loss": 0.013320890126128991,
    "accuracy": 0.73275,
    "precision": 0.7348976531670008,
    "recall": 0.7335788810489492,
    "f1": 0.7318050566197141,
    "confusion_matrix": [
        [
            902,
            19,
            44,
            12,
            19,
            5,
            4,
            11,
            155,
            29
        ],
        [
            10,
            983,
            5,
            5,
            2,
            3,
            1,
            5,
            75,
            88
        ],
        [
            89,
            12,
            838,
            49,
            80,
            43,
            30,
            34,
            45,
            8
        ],
        [
            40,
            3,
            92,
            616,
            45,
            193,
            52,
            58,
            49,
            36
        ],
        [
            24,
            2,
            126,
            67,
            817,
            52,
            22,
            92,
            18,
            5
        ],
        [
            14,
            7,
            79,
            193,
            36,
            770,
            16,
            62,
            20,
            17
        ],
        [
            18,
            12,
            72,
            92,
            61,
            34,
            875,
            8,
            27,
            12
        ],
        [
            19,
            5,
            40,
            42,
            68,
            49,
            3,
            949,
            9,
            19
        ],
        [
            35,
            15,
            5,
            8,
            2,
            5,
            2,
            3,
            1078,
            17
        ],
        [
            19,
            116,
            1,
            8,
            3,
            5,
            4,
            10,
            57,
            965
        ]
    ]
}