{
    "epoch": 6,
    "loss": 0.012228796485190591,
    "accuracy": 0.7327083333333333,
    "precision": 0.7357940143638763,
    "recall": 0.7342063588223101,
    "f1": 0.7328809693109493,
    "confusion_matrix": [
        [
            730,
            24,
            42,
            35,
            14,
            14,
            5,
            10,
            64,
            31
        ],
        [
            9,
            825,
            2,
            3,
            1,
            1,
            2,
            1,
            11,
            77
        ],
        [
            68,
            8,
            598,
            67,
            50,
            84,
            39,
            23,
            12,
            19
        ],
        [
            21,
            9,
            55,
            561,
            35,
            209,
            50,
            27,
            16,
            21
        ],
        [
            17,
            9,
            109,
            68,
            554,
            60,
            39,
            88,
            15,
            9
        ],
        [
            4,
            6,
            33,
            133,
            28,
            679,
            21,
            55,
            4,
            7
        ],
        [
            8,
            10,
            63,
            55,
            27,
            40,
            698,
            2,
            6,
            19
        ],
        [
            9,
            7,
            22,
            35,
            27,
            58,
            4,
            724,
            4,
            24
        ],
        [
            43,
            39,
            12,
            12,
            3,
            3,
            3,
            4,
            836,
            27
        ],
        [
            14,
            72,
            5,
            12,
            2,
            3,
            9,
            4,
            15,
            829
        ]
    ]
}