{
    "epoch": 7,
    "loss": 0.012141830241307616,
    "accuracy": 0.7403125,
    "precision": 0.7454908359523197,
    "recall": 0.7414453204598735,
    "f1": 0.7410512526086716,
    "confusion_matrix": [
        [
            768,
            26,
            29,
            30,
            18,
            6,
            7,
            4,
            58,
            23
        ],
        [
            10,
            835,
            2,
            4,
            2,
            0,
            5,
            3,
            12,
            59
        ],
        [
            80,
            4,
            557,
            78,
            90,
            49,
            70,
            17,
            12,
            11
        ],
        [
            22,
            12,
            34,
            629,
            49,
            123,
            84,
            13,
            14,
            24
        ],
        [
            26,
            3,
            61,
            69,
            678,
            29,
            45,
            35,
            12,
            10
        ],
        [
            6,
            4,
            39,
            208,
            48,
            586,
            39,
            21,
            7,
            12
        ],
        [
            6,
            12,
            31,
            49,
            27,
            18,
            774,
            1,
            3,
            7
        ],
        [
            13,
            5,
            30,
            62,
            72,
            45,
            7,
            651,
            5,
            24
        ],
        [
            67,
            28,
            11,
            17,
            8,
            1,
            6,
            2,
            829,
            13
        ],
        [
            23,
            76,
            5,
            18,
            5,
            1,
            15,
            3,
            19,
            800
        ]
    ]
}