{
    "epoch": 8,
    "loss": 0.012992559876292943,
    "accuracy": 0.7403125,
    "precision": 0.7469039025728725,
    "recall": 0.74130053241183,
    "f1": 0.7411326044074915,
    "confusion_matrix": [
        [
            705,
            30,
            47,
            24,
            21,
            6,
            5,
            5,
            97,
            29
        ],
        [
            4,
            862,
            1,
            5,
            3,
            1,
            2,
            0,
            14,
            40
        ],
        [
            57,
            11,
            614,
            50,
            84,
            68,
            50,
            4,
            17,
            13
        ],
        [
            15,
            21,
            49,
            589,
            39,
            187,
            58,
            8,
            17,
            21
        ],
        [
            12,
            7,
            70,
            64,
            681,
            50,
            34,
            26,
            17,
            7
        ],
        [
            4,
            5,
            37,
            159,
            43,
            652,
            25,
            25,
            11,
            9
        ],
        [
            3,
            24,
            34,
            48,
            31,
            27,
            743,
            0,
            11,
            7
        ],
        [
            9,
            7,
            42,
            51,
            77,
            77,
            8,
            620,
            5,
            18
        ],
        [
            31,
            35,
            9,
            9,
            5,
            1,
            6,
            1,
            868,
            17
        ],
        [
            12,
            117,
            6,
            12,
            5,
            6,
            7,
            4,
            23,
            773
        ]
    ]
}