{
    "epoch": 1,
    "loss": 0.015984952735404175,
    "accuracy": 0.6352083333333334,
    "precision": 0.6635018554172143,
    "recall": 0.6370894581687191,
    "f1": 0.6339666849100023,
    "confusion_matrix": [
        [
            555,
            23,
            55,
            22,
            56,
            35,
            9,
            28,
            140,
            46
        ],
        [
            9,
            668,
            6,
            11,
            14,
            14,
            22,
            5,
            37,
            146
        ],
        [
            37,
            2,
            350,
            41,
            208,
            194,
            62,
            29,
            33,
            12
        ],
        [
            6,
            3,
            22,
            314,
            89,
            426,
            88,
            25,
            23,
            8
        ],
        [
            8,
            1,
            37,
            37,
            632,
            105,
            56,
            69,
            18,
            5
        ],
        [
            1,
            1,
            15,
            65,
            80,
            716,
            23,
            55,
            10,
            4
        ],
        [
            2,
            2,
            26,
            44,
            101,
            71,
            665,
            6,
            5,
            6
        ],
        [
            3,
            1,
            8,
            24,
            85,
            135,
            7,
            633,
            4,
            14
        ],
        [
            30,
            28,
            9,
            18,
            10,
            12,
            10,
            4,
            829,
            32
        ],
        [
            12,
            66,
            2,
            20,
            7,
            35,
            38,
            23,
            26,
            736
        ]
    ]
}