{
    "epoch": 3,
    "loss": 0.012907033786177635,
    "accuracy": 0.7101041666666666,
    "precision": 0.7166792361629494,
    "recall": 0.7117709963927423,
    "f1": 0.7113032157710568,
    "confusion_matrix": [
        [
            755,
            18,
            66,
            16,
            13,
            5,
            6,
            6,
            35,
            49
        ],
        [
            17,
            791,
            5,
            3,
            2,
            2,
            5,
            4,
            5,
            98
        ],
        [
            71,
            4,
            642,
            44,
            58,
            59,
            52,
            13,
            9,
            16
        ],
        [
            28,
            14,
            94,
            529,
            37,
            162,
            89,
            20,
            13,
            18
        ],
        [
            28,
            5,
            135,
            66,
            552,
            35,
            75,
            54,
            8,
            10
        ],
        [
            8,
            4,
            77,
            171,
            40,
            575,
            40,
            41,
            4,
            10
        ],
        [
            9,
            6,
            74,
            46,
            18,
            17,
            742,
            3,
            3,
            10
        ],
        [
            13,
            1,
            48,
            31,
            50,
            70,
            10,
            669,
            1,
            21
        ],
        [
            85,
            51,
            19,
            12,
            2,
            3,
            9,
            2,
            751,
            48
        ],
        [
            19,
            65,
            12,
            13,
            3,
            10,
            23,
            6,
            3,
            811
        ]
    ]
}