{
    "epoch": 2,
    "loss": 0.01386519285539786,
    "accuracy": 0.6914583333333333,
    "precision": 0.6960338997929464,
    "recall": 0.6939674521805993,
    "f1": 0.6885460222006575,
    "confusion_matrix": [
        [
            729,
            15,
            40,
            20,
            44,
            3,
            9,
            30,
            56,
            23
        ],
        [
            18,
            797,
            5,
            1,
            17,
            3,
            10,
            9,
            31,
            41
        ],
        [
            93,
            3,
            494,
            29,
            164,
            57,
            65,
            33,
            19,
            11
        ],
        [
            20,
            8,
            50,
            395,
            144,
            171,
            141,
            44,
            23,
            8
        ],
        [
            22,
            3,
            52,
            32,
            706,
            21,
            52,
            69,
            8,
            3
        ],
        [
            7,
            3,
            52,
            104,
            100,
            564,
            46,
            82,
            7,
            5
        ],
        [
            2,
            4,
            41,
            36,
            65,
            13,
            755,
            2,
            7,
            3
        ],
        [
            6,
            3,
            24,
            24,
            87,
            41,
            10,
            711,
            3,
            5
        ],
        [
            64,
            29,
            10,
            12,
            9,
            5,
            9,
            10,
            822,
            12
        ],
        [
            23,
            141,
            5,
            17,
            11,
            11,
            33,
            30,
            29,
            665
        ]
    ]
}