{
    "epoch": 4,
    "loss": 0.01531324268579483,
    "accuracy": 0.6885,
    "precision": 0.6931255340841865,
    "recall": 0.6891396450419238,
    "f1": 0.6891115891343066,
    "confusion_matrix": [
        [
            754,
            17,
            56,
            26,
            10,
            9,
            2,
            15,
            97,
            30
        ],
        [
            23,
            815,
            16,
            25,
            6,
            10,
            13,
            5,
            27,
            86
        ],
        [
            34,
            7,
            651,
            51,
            77,
            70,
            60,
            19,
            11,
            3
        ],
        [
            16,
            14,
            74,
            469,
            57,
            289,
            61,
            17,
            7,
            15
        ],
        [
            18,
            7,
            86,
            59,
            632,
            52,
            57,
            90,
            16,
            17
        ],
        [
            5,
            6,
            59,
            102,
            37,
            721,
            25,
            45,
            1,
            9
        ],
        [
            5,
            6,
            76,
            49,
            59,
            35,
            737,
            7,
            6,
            7
        ],
        [
            12,
            7,
            53,
            37,
            60,
            93,
            10,
            680,
            6,
            19
        ],
        [
            69,
            63,
            15,
            12,
            13,
            4,
            1,
            2,
            752,
            37
        ],
        [
            50,
            126,
            11,
            26,
            8,
            27,
            8,
            26,
            24,
            674
        ]
    ]
}