{
    "epoch": 5,
    "loss": 0.01602756423354149,
    "accuracy": 0.6832,
    "precision": 0.6880262408204518,
    "recall": 0.6833050838375676,
    "f1": 0.6828804737486527,
    "confusion_matrix": [
        [
            805,
            21,
            47,
            22,
            23,
            4,
            4,
            15,
            37,
            38
        ],
        [
            21,
            815,
            5,
            17,
            6,
            8,
            9,
            3,
            22,
            120
        ],
        [
            70,
            5,
            579,
            54,
            90,
            85,
            56,
            27,
            8,
            9
        ],
        [
            29,
            11,
            58,
            461,
            64,
            263,
            58,
            47,
            8,
            20
        ],
        [
            26,
            6,
            63,
            64,
            673,
            60,
            47,
            75,
            10,
            10
        ],
        [
            9,
            8,
            24,
            107,
            41,
            713,
            23,
            71,
            6,
            8
        ],
        [
            9,
            13,
            56,
            48,
            65,
            49,
            719,
            11,
            6,
            11
        ],
        [
            20,
            8,
            21,
            41,
            109,
            59,
            12,
            670,
            6,
            31
        ],
        [
            130,
            70,
            15,
            13,
            27,
            8,
            1,
            4,
            664,
            36
        ],
        [
            43,
            111,
            1,
            17,
            13,
            11,
            6,
            23,
            22,
            733
        ]
    ]
}