{
    "epoch": 7,
    "loss": 0.01793001458644867,
    "accuracy": 0.6882,
    "precision": 0.6883437885784411,
    "recall": 0.6892826261302019,
    "f1": 0.6878255849579481,
    "confusion_matrix": [
        [
            711,
            18,
            41,
            19,
            17,
            4,
            8,
            23,
            128,
            47
        ],
        [
            19,
            773,
            6,
            16,
            5,
            10,
            12,
            9,
            27,
            149
        ],
        [
            52,
            8,
            600,
            53,
            94,
            54,
            73,
            23,
            21,
            5
        ],
        [
            19,
            22,
            56,
            545,
            48,
            189,
            60,
            49,
            14,
            17
        ],
        [
            29,
            7,
            55,
            65,
            607,
            36,
            79,
            115,
            29,
            12
        ],
        [
            7,
            10,
            40,
            143,
            35,
            650,
            21,
            81,
            8,
            15
        ],
        [
            11,
            12,
            46,
            58,
            37,
            41,
            748,
            18,
            12,
            4
        ],
        [
            12,
            7,
            13,
            56,
            83,
            48,
            11,
            717,
            5,
            25
        ],
        [
            53,
            61,
            3,
            8,
            13,
            4,
            2,
            5,
            776,
            43
        ],
        [
            27,
            77,
            3,
            26,
            13,
            9,
            8,
            34,
            28,
            755
        ]
    ]
}