{
    "epoch": 9,
    "loss": 0.01983791216611862,
    "accuracy": 0.6867,
    "precision": 0.6902152768135029,
    "recall": 0.6875715008383366,
    "f1": 0.6872860317389522,
    "confusion_matrix": [
        [
            678,
            23,
            53,
            25,
            22,
            14,
            4,
            18,
            132,
            47
        ],
        [
            14,
            800,
            7,
            27,
            7,
            4,
            17,
            6,
            39,
            105
        ],
        [
            41,
            4,
            584,
            71,
            79,
            74,
            75,
            24,
            20,
            11
        ],
        [
            16,
            8,
            47,
            531,
            64,
            218,
            57,
            35,
            13,
            30
        ],
        [
            14,
            7,
            74,
            49,
            644,
            85,
            41,
            83,
            21,
            16
        ],
        [
            3,
            7,
            27,
            155,
            32,
            676,
            19,
            69,
            5,
            17
        ],
        [
            6,
            7,
            58,
            53,
            71,
            31,
            726,
            16,
            9,
            10
        ],
        [
            9,
            6,
            19,
            42,
            80,
            66,
            10,
            697,
            8,
            40
        ],
        [
            34,
            50,
            12,
            11,
            14,
            9,
            2,
            1,
            800,
            35
        ],
        [
            24,
            110,
            5,
            27,
            9,
            9,
            9,
            14,
            42,
            731
        ]
    ]
}