{
    "loss": 0.020067389076948165,
    "accuracy": 0.675,
    "precision": 0.6766762981568994,
    "recall": 0.675,
    "f1": 0.6746103605833226,
    "confusion_matrix": [
        [
            672,
            16,
            51,
            29,
            35,
            17,
            6,
            11,
            112,
            51
        ],
        [
            22,
            749,
            9,
            20,
            2,
            16,
            8,
            5,
            56,
            113
        ],
        [
            56,
            9,
            567,
            59,
            91,
            87,
            81,
            26,
            16,
            8
        ],
        [
            16,
            18,
            61,
            472,
            76,
            210,
            60,
            39,
            20,
            28
        ],
        [
            17,
            4,
            79,
            44,
            651,
            62,
            52,
            72,
            13,
            6
        ],
        [
            5,
            7,
            30,
            182,
            50,
            618,
            25,
            58,
            4,
            21
        ],
        [
            10,
            6,
            45,
            53,
            66,
            45,
            748,
            12,
            9,
            6
        ],
        [
            17,
            12,
            20,
            46,
            67,
            65,
            10,
            701,
            11,
            51
        ],
        [
            49,
            36,
            17,
            17,
            8,
            8,
            8,
            2,
            824,
            31
        ],
        [
            19,
            98,
            11,
            23,
            7,
            11,
            13,
            16,
            54,
            748
        ]
    ]
}