{
    "epoch": 3,
    "loss": 0.01491385799050331,
    "accuracy": 0.685,
    "precision": 0.6878244119376664,
    "recall": 0.6854619406871012,
    "f1": 0.6828752564112279,
    "confusion_matrix": [
        [
            695,
            47,
            39,
            12,
            12,
            2,
            9,
            17,
            121,
            62
        ],
        [
            13,
            862,
            3,
            10,
            5,
            4,
            6,
            7,
            20,
            96
        ],
        [
            62,
            22,
            569,
            53,
            78,
            46,
            91,
            41,
            14,
            7
        ],
        [
            32,
            21,
            37,
            621,
            70,
            95,
            72,
            45,
            8,
            18
        ],
        [
            31,
            11,
            53,
            52,
            678,
            20,
            67,
            94,
            16,
            12
        ],
        [
            11,
            19,
            36,
            252,
            51,
            484,
            29,
            114,
            4,
            10
        ],
        [
            11,
            30,
            45,
            48,
            54,
            16,
            755,
            15,
            7,
            6
        ],
        [
            13,
            11,
            14,
            49,
            87,
            27,
            12,
            727,
            2,
            35
        ],
        [
            65,
            80,
            4,
            11,
            10,
            3,
            2,
            1,
            743,
            49
        ],
        [
            23,
            148,
            2,
            17,
            10,
            7,
            8,
            24,
            25,
            716
        ]
    ]
}