{
    "epoch": 2,
    "loss": 0.014098665648698806,
    "accuracy": 0.6887,
    "precision": 0.6897031721357961,
    "recall": 0.6898693653171443,
    "f1": 0.6879713125038377,
    "confusion_matrix": [
        [
            655,
            28,
            85,
            13,
            20,
            0,
            14,
            17,
            137,
            47
        ],
        [
            11,
            781,
            3,
            21,
            2,
            1,
            14,
            9,
            59,
            125
        ],
        [
            36,
            15,
            640,
            45,
            79,
            45,
            69,
            31,
            18,
            5
        ],
        [
            20,
            19,
            53,
            531,
            57,
            169,
            67,
            70,
            14,
            19
        ],
        [
            16,
            7,
            90,
            38,
            671,
            35,
            55,
            89,
            22,
            11
        ],
        [
            4,
            12,
            51,
            156,
            44,
            605,
            21,
            96,
            6,
            15
        ],
        [
            8,
            8,
            83,
            52,
            65,
            25,
            716,
            14,
            7,
            9
        ],
        [
            6,
            9,
            29,
            37,
            85,
            45,
            11,
            723,
            8,
            24
        ],
        [
            54,
            35,
            9,
            11,
            14,
            1,
            2,
            2,
            814,
            26
        ],
        [
            18,
            84,
            6,
            12,
            17,
            4,
            9,
            29,
            50,
            751
        ]
    ]
}