{
    "epoch": 6,
    "loss": 0.017094923573732376,
    "accuracy": 0.685,
    "precision": 0.6847734715944221,
    "recall": 0.6860754063643564,
    "f1": 0.684158208142876,
    "confusion_matrix": [
        [
            755,
            22,
            52,
            22,
            9,
            5,
            7,
            23,
            74,
            47
        ],
        [
            29,
            742,
            6,
            22,
            5,
            3,
            18,
            10,
            45,
            146
        ],
        [
            57,
            6,
            604,
            62,
            63,
            64,
            78,
            22,
            14,
            13
        ],
        [
            25,
            8,
            51,
            501,
            52,
            222,
            79,
            42,
            13,
            26
        ],
        [
            38,
            10,
            75,
            54,
            612,
            57,
            75,
            83,
            19,
            11
        ],
        [
            7,
            5,
            43,
            134,
            30,
            658,
            44,
            68,
            8,
            13
        ],
        [
            18,
            2,
            58,
            27,
            48,
            21,
            777,
            15,
            10,
            11
        ],
        [
            13,
            8,
            25,
            41,
            72,
            60,
            18,
            703,
            5,
            32
        ],
        [
            80,
            45,
            14,
            11,
            12,
            6,
            1,
            3,
            761,
            35
        ],
        [
            37,
            85,
            6,
            20,
            6,
            11,
            11,
            28,
            39,
            737
        ]
    ]
}