{
    "epoch": 1,
    "loss": 0.014452515983581543,
    "accuracy": 0.6774,
    "precision": 0.6853289296227985,
    "recall": 0.6782007120771418,
    "f1": 0.6778203623778746,
    "confusion_matrix": [
        [
            682,
            28,
            123,
            12,
            12,
            5,
            2,
            22,
            90,
            40
        ],
        [
            17,
            812,
            5,
            14,
            4,
            6,
            8,
            6,
            44,
            110
        ],
        [
            22,
            8,
            703,
            34,
            70,
            74,
            32,
            13,
            15,
            12
        ],
        [
            17,
            18,
            101,
            459,
            62,
            249,
            44,
            32,
            10,
            27
        ],
        [
            20,
            4,
            132,
            41,
            652,
            37,
            36,
            72,
            22,
            18
        ],
        [
            5,
            17,
            54,
            115,
            54,
            677,
            11,
            63,
            2,
            12
        ],
        [
            7,
            10,
            113,
            42,
            74,
            54,
            654,
            12,
            7,
            14
        ],
        [
            10,
            7,
            46,
            36,
            101,
            59,
            7,
            664,
            9,
            38
        ],
        [
            81,
            52,
            22,
            4,
            14,
            4,
            3,
            1,
            759,
            28
        ],
        [
            35,
            113,
            11,
            10,
            7,
            5,
            3,
            23,
            61,
            712
        ]
    ]
}