{
    "epoch": 0,
    "loss": 0.014797093486785888,
    "accuracy": 0.6718,
    "precision": 0.6782702401287086,
    "recall": 0.6724527492443485,
    "f1": 0.6725450520874012,
    "confusion_matrix": [
        [
            654,
            31,
            56,
            30,
            9,
            6,
            9,
            10,
            159,
            52
        ],
        [
            11,
            808,
            5,
            35,
            3,
            7,
            18,
            7,
            46,
            86
        ],
        [
            38,
            9,
            554,
            87,
            80,
            73,
            92,
            21,
            20,
            9
        ],
        [
            11,
            12,
            40,
            620,
            40,
            170,
            77,
            18,
            19,
            12
        ],
        [
            29,
            6,
            73,
            67,
            602,
            40,
            76,
            91,
            31,
            19
        ],
        [
            7,
            10,
            43,
            223,
            33,
            610,
            26,
            43,
            5,
            10
        ],
        [
            7,
            9,
            41,
            76,
            49,
            36,
            753,
            4,
            8,
            4
        ],
        [
            8,
            7,
            23,
            61,
            66,
            79,
            15,
            675,
            12,
            31
        ],
        [
            68,
            50,
            6,
            20,
            13,
            4,
            2,
            1,
            781,
            23
        ],
        [
            16,
            161,
            4,
            28,
            10,
            15,
            10,
            12,
            63,
            661
        ]
    ]
}