{
    "epoch": 8,
    "loss": 0.02006250393986702,
    "accuracy": 0.6787,
    "precision": 0.6811894428158651,
    "recall": 0.6796218511282089,
    "f1": 0.6791757333255952,
    "confusion_matrix": [
        [
            783,
            19,
            36,
            18,
            22,
            2,
            7,
            20,
            73,
            36
        ],
        [
            43,
            727,
            3,
            12,
            5,
            7,
            19,
            9,
            39,
            162
        ],
        [
            68,
            7,
            640,
            54,
            66,
            59,
            40,
            20,
            17,
            12
        ],
        [
            33,
            13,
            74,
            514,
            57,
            200,
            52,
            44,
            12,
            20
        ],
        [
            49,
            6,
            88,
            48,
            626,
            57,
            39,
            96,
            15,
            10
        ],
        [
            10,
            9,
            61,
            141,
            47,
            624,
            22,
            71,
            9,
            16
        ],
        [
            22,
            5,
            84,
            55,
            69,
            29,
            693,
            15,
            8,
            7
        ],
        [
            26,
            5,
            24,
            44,
            73,
            55,
            12,
            709,
            4,
            25
        ],
        [
            93,
            45,
            7,
            9,
            19,
            5,
            0,
            4,
            744,
            42
        ],
        [
            55,
            72,
            7,
            26,
            11,
            12,
            8,
            33,
            29,
            727
        ]
    ]
}