{
    "loss": 0.019172188454866408,
    "accuracy": 0.5583,
    "precision": 0.5727749917223522,
    "recall": 0.5582999999999999,
    "f1": 0.5539080500508025,
    "confusion_matrix": [
        [
            582,
            15,
            129,
            18,
            23,
            38,
            16,
            29,
            118,
            32
        ],
        [
            52,
            632,
            19,
            11,
            6,
            18,
            21,
            22,
            47,
            172
        ],
        [
            54,
            6,
            427,
            25,
            167,
            188,
            65,
            49,
            11,
            8
        ],
        [
            11,
            6,
            133,
            174,
            61,
            419,
            95,
            72,
            14,
            15
        ],
        [
            27,
            0,
            148,
            16,
            473,
            134,
            73,
            113,
            14,
            2
        ],
        [
            5,
            1,
            81,
            53,
            52,
            670,
            45,
            79,
            14,
            0
        ],
        [
            2,
            3,
            59,
            46,
            96,
            72,
            677,
            24,
            8,
            13
        ],
        [
            9,
            0,
            47,
            18,
            80,
            156,
            18,
            661,
            4,
            7
        ],
        [
            119,
            45,
            58,
            9,
            4,
            35,
            12,
            11,
            683,
            24
        ],
        [
            60,
            101,
            21,
            17,
            6,
            22,
            38,
            69,
            62,
            604
        ]
    ]
}