{
    "epoch": 1,
    "loss": 0.013536263394355773,
    "accuracy": 0.6998,
    "precision": 0.6992808526196639,
    "recall": 0.7001945218340222,
    "f1": 0.6961386441929641,
    "confusion_matrix": [
        [
            753,
            26,
            36,
            11,
            4,
            3,
            2,
            12,
            102,
            45
        ],
        [
            10,
            868,
            3,
            4,
            1,
            3,
            6,
            5,
            13,
            62
        ],
        [
            86,
            14,
            595,
            54,
            59,
            51,
            44,
            42,
            31,
            14
        ],
        [
            36,
            16,
            81,
            490,
            28,
            187,
            56,
            55,
            37,
            33
        ],
        [
            52,
            13,
            152,
            55,
            512,
            37,
            32,
            125,
            7,
            8
        ],
        [
            17,
            6,
            75,
            136,
            27,
            645,
            13,
            71,
            14,
            18
        ],
        [
            8,
            14,
            87,
            70,
            44,
            23,
            714,
            8,
            11,
            23
        ],
        [
            25,
            9,
            32,
            27,
            27,
            69,
            0,
            775,
            6,
            25
        ],
        [
            61,
            32,
            4,
            6,
            3,
            4,
            1,
            6,
            902,
            29
        ],
        [
            26,
            143,
            3,
            11,
            1,
            2,
            3,
            9,
            20,
            744
        ]
    ]
}