{
    "epoch": 7,
    "loss": 0.005079408317804336,
    "accuracy": 0.8926,
    "precision": 0.892389863693146,
    "recall": 0.8925203785147804,
    "f1": 0.891887626671332,
    "confusion_matrix": [
        [
            936,
            0,
            20,
            4,
            4,
            5,
            2,
            7,
            10,
            13
        ],
        [
            2,
            942,
            0,
            1,
            0,
            0,
            0,
            0,
            3,
            44
        ],
        [
            30,
            1,
            820,
            31,
            44,
            27,
            46,
            15,
            2,
            4
        ],
        [
            7,
            2,
            22,
            752,
            26,
            96,
            34,
            21,
            5,
            9
        ],
        [
            4,
            1,
            16,
            23,
            835,
            12,
            22,
            49,
            1,
            2
        ],
        [
            5,
            0,
            23,
            99,
            27,
            823,
            14,
            35,
            0,
            4
        ],
        [
            1,
            1,
            18,
            25,
            6,
            8,
            924,
            8,
            4,
            1
        ],
        [
            1,
            0,
            4,
            12,
            15,
            10,
            0,
            960,
            0,
            2
        ],
        [
            19,
            7,
            3,
            8,
            0,
            2,
            1,
            1,
            938,
            11
        ],
        [
            3,
            17,
            3,
            2,
            0,
            2,
            2,
            2,
            1,
            996
        ]
    ]
}