{
    "epoch": 2,
    "loss": 0.012226303958892822,
    "accuracy": 0.732,
    "precision": 0.7406464978490085,
    "recall": 0.7323800628015473,
    "f1": 0.7303253782821797,
    "confusion_matrix": [
        [
            821,
            39,
            18,
            11,
            4,
            2,
            2,
            3,
            64,
            30
        ],
        [
            5,
            922,
            1,
            5,
            0,
            1,
            3,
            0,
            9,
            29
        ],
        [
            112,
            24,
            585,
            58,
            89,
            30,
            33,
            21,
            27,
            11
        ],
        [
            51,
            14,
            37,
            678,
            44,
            75,
            31,
            27,
            28,
            34
        ],
        [
            65,
            10,
            60,
            73,
            658,
            16,
            16,
            69,
            14,
            12
        ],
        [
            31,
            10,
            41,
            267,
            37,
            566,
            6,
            34,
            11,
            19
        ],
        [
            26,
            26,
            64,
            70,
            69,
            14,
            691,
            5,
            14,
            23
        ],
        [
            39,
            9,
            24,
            57,
            41,
            50,
            0,
            730,
            9,
            36
        ],
        [
            54,
            43,
            2,
            7,
            3,
            1,
            0,
            1,
            923,
            14
        ],
        [
            13,
            161,
            0,
            12,
            1,
            0,
            1,
            4,
            24,
            746
        ]
    ]
}