{
    "epoch": 4,
    "loss": 0.008816751497983933,
    "accuracy": 0.8035,
    "precision": 0.8208481774702039,
    "recall": 0.8039884135275317,
    "f1": 0.8053323317414485,
    "confusion_matrix": [
        [
            823,
            8,
            18,
            33,
            16,
            8,
            3,
            7,
            40,
            45
        ],
        [
            4,
            891,
            0,
            5,
            1,
            1,
            0,
            0,
            10,
            80
        ],
        [
            45,
            4,
            584,
            111,
            131,
            69,
            35,
            27,
            8,
            6
        ],
        [
            3,
            1,
            13,
            765,
            39,
            109,
            8,
            23,
            5,
            8
        ],
        [
            4,
            0,
            14,
            70,
            782,
            27,
            2,
            62,
            2,
            2
        ],
        [
            3,
            0,
            10,
            191,
            42,
            736,
            3,
            38,
            3,
            4
        ],
        [
            0,
            1,
            22,
            123,
            70,
            34,
            739,
            4,
            2,
            1
        ],
        [
            6,
            1,
            3,
            44,
            41,
            35,
            0,
            865,
            2,
            7
        ],
        [
            29,
            12,
            2,
            23,
            5,
            2,
            1,
            2,
            897,
            17
        ],
        [
            9,
            23,
            3,
            20,
            1,
            4,
            1,
            5,
            9,
            953
        ]
    ]
}