{
    "epoch": 1,
    "loss": 0.11127695865631103,
    "accuracy": 0.4314,
    "precision": 0.2195158850446403,
    "recall": 0.43057018543751047,
    "f1": 0.28953717875979934,
    "confusion_matrix": [
        [
            0,
            0,
            0,
            0,
            0,
            71,
            38,
            102,
            669,
            127
        ],
        [
            0,
            0,
            0,
            0,
            0,
            15,
            24,
            32,
            210,
            667
        ],
        [
            0,
            0,
            0,
            0,
            0,
            331,
            203,
            265,
            157,
            27
        ],
        [
            0,
            0,
            0,
            0,
            0,
            561,
            158,
            155,
            57,
            57
        ],
        [
            0,
            0,
            0,
            0,
            0,
            260,
            212,
            485,
            81,
            26
        ],
        [
            0,
            0,
            0,
            0,
            0,
            772,
            44,
            159,
            22,
            18
        ],
        [
            0,
            0,
            0,
            0,
            0,
            67,
            820,
            52,
            23,
            20
        ],
        [
            0,
            0,
            0,
            0,
            0,
            71,
            5,
            889,
            21,
            17
        ],
        [
            0,
            0,
            0,
            0,
            0,
            17,
            8,
            9,
            938,
            37
        ],
        [
            0,
            0,
            0,
            0,
            0,
            7,
            9,
            40,
            50,
            895
        ]
    ]
}