{
    "epoch": 0,
    "loss": 0.01933090355396271,
    "accuracy": 0.5553,
    "precision": 0.5710415331402432,
    "recall": 0.5550625196325666,
    "f1": 0.5525268234353721,
    "confusion_matrix": [
        [
            557,
            12,
            124,
            11,
            21,
            42,
            13,
            36,
            128,
            26
        ],
        [
            61,
            646,
            15,
            18,
            4,
            12,
            28,
            17,
            47,
            175
        ],
        [
            39,
            8,
            470,
            32,
            170,
            172,
            57,
            42,
            20,
            7
        ],
        [
            9,
            6,
            106,
            179,
            65,
            425,
            88,
            70,
            14,
            13
        ],
        [
            35,
            2,
            172,
            15,
            487,
            136,
            69,
            115,
            7,
            6
        ],
        [
            6,
            2,
            94,
            47,
            50,
            661,
            42,
            94,
            10,
            2
        ],
        [
            3,
            7,
            67,
            45,
            112,
            76,
            643,
            18,
            9,
            18
        ],
        [
            9,
            0,
            59,
            10,
            108,
            149,
            16,
            646,
            4,
            8
        ],
        [
            137,
            37,
            44,
            14,
            6,
            30,
            9,
            7,
            666,
            28
        ],
        [
            58,
            87,
            25,
            34,
            2,
            25,
            37,
            61,
            51,
            598
        ]
    ]
}