{
    "epoch": 9,
    "loss": 0.003971349766850472,
    "accuracy": 0.9241,
    "precision": 0.9243067128721977,
    "recall": 0.9241618877851527,
    "f1": 0.9240126754621206,
    "confusion_matrix": [
        [
            960,
            0,
            14,
            9,
            4,
            2,
            2,
            1,
            8,
            1
        ],
        [
            3,
            978,
            0,
            1,
            0,
            0,
            0,
            1,
            2,
            7
        ],
        [
            20,
            0,
            887,
            30,
            23,
            13,
            37,
            7,
            2,
            1
        ],
        [
            2,
            1,
            19,
            828,
            17,
            75,
            18,
            12,
            0,
            2
        ],
        [
            4,
            0,
            16,
            29,
            865,
            11,
            15,
            24,
            1,
            0
        ],
        [
            2,
            0,
            16,
            73,
            18,
            885,
            10,
            26,
            0,
            0
        ],
        [
            1,
            0,
            14,
            16,
            8,
            9,
            945,
            1,
            1,
            1
        ],
        [
            1,
            2,
            4,
            7,
            6,
            12,
            1,
            971,
            0,
            0
        ],
        [
            12,
            2,
            6,
            4,
            2,
            0,
            2,
            0,
            959,
            3
        ],
        [
            12,
            27,
            5,
            5,
            1,
            4,
            5,
            3,
            3,
            963
        ]
    ]
}