{
    "epoch": 0,
    "loss": 0.018823622804880143,
    "accuracy": 0.5644,
    "precision": 0.5887534571352784,
    "recall": 0.5653057979184264,
    "f1": 0.5474974153603129,
    "confusion_matrix": [
        [
            653,
            63,
            17,
            4,
            3,
            10,
            3,
            15,
            135,
            91
        ],
        [
            13,
            735,
            1,
            2,
            0,
            2,
            3,
            3,
            12,
            204
        ],
        [
            142,
            39,
            381,
            21,
            62,
            158,
            49,
            47,
            34,
            57
        ],
        [
            65,
            36,
            66,
            183,
            13,
            419,
            33,
            55,
            24,
            125
        ],
        [
            91,
            34,
            114,
            26,
            278,
            113,
            63,
            190,
            15,
            69
        ],
        [
            32,
            15,
            45,
            33,
            16,
            706,
            13,
            89,
            11,
            62
        ],
        [
            11,
            49,
            54,
            57,
            30,
            84,
            522,
            22,
            15,
            158
        ],
        [
            29,
            14,
            12,
            8,
            18,
            134,
            3,
            658,
            7,
            112
        ],
        [
            93,
            98,
            14,
            1,
            0,
            11,
            2,
            2,
            745,
            82
        ],
        [
            24,
            112,
            3,
            6,
            0,
            3,
            1,
            8,
            22,
            783
        ]
    ]
}