{
    "epoch": 3,
    "loss": 0.00929090765118599,
    "accuracy": 0.7888,
    "precision": 0.7938621854812972,
    "recall": 0.7891426278620772,
    "f1": 0.7881694251625573,
    "confusion_matrix": [
        [
            735,
            7,
            73,
            19,
            11,
            4,
            2,
            22,
            68,
            60
        ],
        [
            13,
            870,
            1,
            3,
            2,
            0,
            7,
            3,
            10,
            83
        ],
        [
            34,
            1,
            732,
            52,
            70,
            25,
            63,
            27,
            10,
            6
        ],
        [
            6,
            0,
            51,
            668,
            54,
            82,
            51,
            41,
            11,
            10
        ],
        [
            7,
            0,
            50,
            44,
            747,
            11,
            22,
            74,
            5,
            5
        ],
        [
            2,
            0,
            58,
            219,
            59,
            598,
            25,
            62,
            1,
            6
        ],
        [
            0,
            3,
            43,
            44,
            30,
            11,
            852,
            6,
            6,
            1
        ],
        [
            3,
            0,
            20,
            39,
            46,
            15,
            4,
            867,
            2,
            8
        ],
        [
            15,
            13,
            9,
            14,
            6,
            1,
            6,
            4,
            899,
            23
        ],
        [
            14,
            38,
            6,
            16,
            2,
            4,
            6,
            10,
            12,
            920
        ]
    ]
}