{
    "loss": 0.012656477773189545,
    "accuracy": 0.7528,
    "precision": 0.7555043747681595,
    "recall": 0.7527999999999999,
    "f1": 0.7530120695151458,
    "confusion_matrix": [
        [
            821,
            15,
            50,
            17,
            13,
            8,
            12,
            15,
            35,
            14
        ],
        [
            15,
            886,
            7,
            10,
            6,
            3,
            7,
            4,
            10,
            52
        ],
        [
            55,
            3,
            648,
            70,
            68,
            64,
            48,
            34,
            8,
            2
        ],
        [
            21,
            10,
            63,
            564,
            38,
            191,
            54,
            45,
            4,
            10
        ],
        [
            21,
            6,
            67,
            81,
            665,
            35,
            50,
            70,
            5,
            0
        ],
        [
            8,
            4,
            40,
            140,
            37,
            691,
            20,
            52,
            5,
            3
        ],
        [
            3,
            5,
            40,
            55,
            20,
            23,
            842,
            4,
            3,
            5
        ],
        [
            10,
            0,
            25,
            35,
            47,
            57,
            6,
            815,
            1,
            4
        ],
        [
            86,
            30,
            14,
            19,
            4,
            2,
            8,
            5,
            813,
            19
        ],
        [
            52,
            81,
            12,
            15,
            4,
            4,
            9,
            24,
            16,
            783
        ]
    ]
}