{
    "epoch": 5,
    "loss": 0.007481516009569168,
    "accuracy": 0.8336,
    "precision": 0.839504442261599,
    "recall": 0.833133829560215,
    "f1": 0.8347051888679495,
    "confusion_matrix": [
        [
            809,
            4,
            72,
            8,
            14,
            7,
            2,
            10,
            45,
            30
        ],
        [
            2,
            886,
            4,
            5,
            0,
            2,
            0,
            2,
            11,
            80
        ],
        [
            21,
            0,
            857,
            34,
            34,
            25,
            34,
            6,
            6,
            3
        ],
        [
            7,
            1,
            73,
            672,
            30,
            148,
            14,
            17,
            5,
            7
        ],
        [
            5,
            0,
            69,
            37,
            761,
            30,
            11,
            49,
            1,
            2
        ],
        [
            2,
            0,
            65,
            104,
            27,
            779,
            5,
            40,
            5,
            3
        ],
        [
            2,
            0,
            47,
            53,
            29,
            27,
            826,
            7,
            3,
            2
        ],
        [
            4,
            1,
            30,
            24,
            28,
            33,
            0,
            878,
            1,
            5
        ],
        [
            22,
            8,
            15,
            9,
            2,
            3,
            2,
            3,
            911,
            15
        ],
        [
            6,
            22,
            6,
            8,
            0,
            12,
            4,
            5,
            8,
            957
        ]
    ]
}