{
    "epoch": 6,
    "loss": 0.006024741061031819,
    "accuracy": 0.8693,
    "precision": 0.8695317859306831,
    "recall": 0.8689007054742952,
    "f1": 0.867945593829494,
    "confusion_matrix": [
        [
            866,
            10,
            30,
            5,
            0,
            4,
            7,
            7,
            45,
            27
        ],
        [
            0,
            944,
            1,
            1,
            0,
            2,
            6,
            0,
            2,
            36
        ],
        [
            36,
            2,
            819,
            21,
            26,
            23,
            72,
            14,
            5,
            2
        ],
        [
            8,
            1,
            50,
            676,
            21,
            117,
            65,
            19,
            6,
            11
        ],
        [
            12,
            1,
            43,
            18,
            787,
            25,
            39,
            37,
            3,
            0
        ],
        [
            3,
            1,
            31,
            73,
            28,
            834,
            17,
            34,
            1,
            8
        ],
        [
            0,
            1,
            19,
            16,
            6,
            6,
            942,
            1,
            4,
            1
        ],
        [
            5,
            1,
            10,
            12,
            19,
            16,
            5,
            926,
            3,
            7
        ],
        [
            11,
            16,
            3,
            10,
            0,
            4,
            3,
            0,
            928,
            15
        ],
        [
            4,
            32,
            1,
            4,
            0,
            2,
            5,
            2,
            7,
            971
        ]
    ]
}