{
    "epoch": 0,
    "loss": 0.11706264472007752,
    "accuracy": 0.212,
    "precision": 0.09252265290951214,
    "recall": 0.21121769749808053,
    "f1": 0.12227048575200264,
    "confusion_matrix": [
        [
            0,
            0,
            0,
            108,
            644,
            173,
            57,
            0,
            0,
            0
        ],
        [
            0,
            0,
            0,
            372,
            147,
            207,
            234,
            0,
            0,
            0
        ],
        [
            0,
            0,
            0,
            126,
            445,
            391,
            53,
            0,
            0,
            0
        ],
        [
            0,
            0,
            0,
            257,
            94,
            572,
            24,
            0,
            0,
            0
        ],
        [
            0,
            0,
            0,
            88,
            567,
            325,
            42,
            0,
            0,
            0
        ],
        [
            0,
            0,
            0,
            101,
            68,
            834,
            3,
            0,
            0,
            0
        ],
        [
            0,
            0,
            0,
            200,
            198,
            151,
            462,
            0,
            0,
            0
        ],
        [
            0,
            0,
            0,
            74,
            283,
            642,
            14,
            0,
            0,
            0
        ],
        [
            0,
            0,
            0,
            194,
            550,
            164,
            121,
            0,
            0,
            0
        ],
        [
            0,
            0,
            0,
            399,
            190,
            246,
            180,
            0,
            0,
            0
        ]
    ]
}