{
    "loss": 0.012904138058423996,
    "accuracy": 0.7151,
    "precision": 0.7145486070516612,
    "recall": 0.7151,
    "f1": 0.7119484121370517,
    "confusion_matrix": [
        [
            738,
            18,
            64,
            16,
            20,
            10,
            7,
            17,
            66,
            44
        ],
        [
            10,
            847,
            2,
            5,
            5,
            5,
            8,
            1,
            14,
            103
        ],
        [
            55,
            8,
            557,
            46,
            105,
            89,
            77,
            37,
            13,
            13
        ],
        [
            21,
            9,
            74,
            422,
            63,
            271,
            71,
            37,
            10,
            22
        ],
        [
            12,
            1,
            63,
            49,
            631,
            60,
            64,
            105,
            13,
            2
        ],
        [
            8,
            4,
            45,
            101,
            40,
            713,
            20,
            51,
            11,
            7
        ],
        [
            6,
            0,
            32,
            46,
            43,
            37,
            815,
            9,
            6,
            6
        ],
        [
            11,
            1,
            23,
            22,
            40,
            82,
            6,
            801,
            2,
            12
        ],
        [
            46,
            38,
            13,
            13,
            2,
            12,
            5,
            7,
            834,
            30
        ],
        [
            27,
            91,
            6,
            11,
            4,
            11,
            11,
            20,
            26,
            793
        ]
    ]
}