{
    "epoch": 8,
    "loss": 0.004485328777134419,
    "accuracy": 0.9093,
    "precision": 0.9110101043484816,
    "recall": 0.9093594781658784,
    "f1": 0.9098336911166346,
    "confusion_matrix": [
        [
            922,
            2,
            37,
            6,
            3,
            4,
            1,
            3,
            20,
            3
        ],
        [
            6,
            942,
            1,
            1,
            1,
            0,
            4,
            0,
            14,
            23
        ],
        [
            14,
            0,
            917,
            20,
            27,
            19,
            17,
            4,
            1,
            1
        ],
        [
            5,
            0,
            32,
            814,
            14,
            96,
            9,
            1,
            1,
            2
        ],
        [
            5,
            0,
            24,
            17,
            882,
            11,
            6,
            19,
            1,
            0
        ],
        [
            3,
            0,
            24,
            83,
            26,
            871,
            5,
            16,
            1,
            1
        ],
        [
            1,
            0,
            36,
            26,
            18,
            16,
            896,
            1,
            2,
            0
        ],
        [
            2,
            0,
            8,
            16,
            28,
            28,
            0,
            919,
            2,
            1
        ],
        [
            6,
            1,
            8,
            1,
            0,
            0,
            2,
            1,
            969,
            2
        ],
        [
            16,
            12,
            9,
            8,
            2,
            3,
            2,
            4,
            11,
            961
        ]
    ]
}