{
    "epoch": 2,
    "loss": 0.11518900644779205,
    "accuracy": 0.404,
    "precision": 0.20991778246791365,
    "recall": 0.40084107439429123,
    "f1": 0.2735067716372448,
    "confusion_matrix": [
        [
            795,
            11,
            93,
            45,
            48,
            0,
            0,
            0,
            0,
            0
        ],
        [
            47,
            865,
            20,
            39,
            18,
            0,
            0,
            0,
            0,
            0
        ],
        [
            55,
            4,
            714,
            90,
            135,
            0,
            0,
            0,
            0,
            0
        ],
        [
            14,
            0,
            102,
            856,
            103,
            0,
            0,
            0,
            0,
            0
        ],
        [
            8,
            0,
            86,
            83,
            810,
            0,
            0,
            0,
            0,
            0
        ],
        [
            6,
            2,
            206,
            672,
            128,
            0,
            0,
            0,
            0,
            0
        ],
        [
            6,
            32,
            207,
            357,
            372,
            0,
            0,
            0,
            0,
            0
        ],
        [
            34,
            2,
            122,
            256,
            589,
            0,
            0,
            0,
            0,
            0
        ],
        [
            660,
            109,
            59,
            99,
            46,
            0,
            0,
            0,
            0,
            0
        ],
        [
            194,
            520,
            55,
            193,
            33,
            0,
            0,
            0,
            0,
            0
        ]
    ]
}