{
    "loss": 0.013074047696590424,
    "accuracy": 0.7088,
    "precision": 0.7044912461712596,
    "recall": 0.7088000000000001,
    "f1": 0.7051352803083148,
    "confusion_matrix": [
        [
            735,
            19,
            53,
            11,
            17,
            5,
            13,
            14,
            85,
            48
        ],
        [
            11,
            845,
            5,
            7,
            1,
            1,
            14,
            3,
            23,
            90
        ],
        [
            68,
            10,
            577,
            53,
            90,
            62,
            77,
            36,
            16,
            11
        ],
        [
            16,
            14,
            79,
            461,
            59,
            189,
            100,
            45,
            15,
            22
        ],
        [
            25,
            4,
            76,
            47,
            601,
            39,
            99,
            92,
            15,
            2
        ],
        [
            13,
            3,
            68,
            146,
            51,
            608,
            35,
            58,
            12,
            6
        ],
        [
            4,
            5,
            46,
            47,
            23,
            17,
            842,
            3,
            8,
            5
        ],
        [
            13,
            4,
            31,
            34,
            58,
            58,
            9,
            772,
            3,
            18
        ],
        [
            47,
            28,
            9,
            10,
            4,
            4,
            7,
            7,
            860,
            24
        ],
        [
            30,
            91,
            10,
            10,
            3,
            7,
            13,
            17,
            32,
            787
        ]
    ]
}