{
    "loss": 0.012540753436585268,
    "accuracy": 0.7201666666666666,
    "precision": 0.7192517283067488,
    "recall": 0.7191829996450156,
    "f1": 0.7174874520974723,
    "confusion_matrix": [
        [
            945,
            27,
            48,
            24,
            15,
            5,
            8,
            10,
            77,
            33
        ],
        [
            25,
            1029,
            5,
            9,
            1,
            1,
            13,
            1,
            36,
            86
        ],
        [
            103,
            11,
            704,
            67,
            71,
            61,
            71,
            29,
            21,
            11
        ],
        [
            30,
            16,
            79,
            661,
            38,
            225,
            91,
            39,
            15,
            9
        ],
        [
            42,
            13,
            121,
            76,
            679,
            60,
            76,
            125,
            10,
            8
        ],
        [
            11,
            10,
            54,
            209,
            27,
            764,
            29,
            67,
            7,
            11
        ],
        [
            7,
            8,
            70,
            65,
            39,
            26,
            986,
            14,
            5,
            6
        ],
        [
            28,
            2,
            39,
            50,
            45,
            63,
            13,
            902,
            7,
            16
        ],
        [
            62,
            42,
            12,
            28,
            3,
            7,
            5,
            2,
            1064,
            28
        ],
        [
            50,
            150,
            6,
            18,
            2,
            5,
            13,
            21,
            34,
            908
        ]
    ]
}