{
    "loss": 0.012777371237675349,
    "accuracy": 0.7126666666666667,
    "precision": 0.7143861046416764,
    "recall": 0.7136674082211402,
    "f1": 0.7116224418717904,
    "confusion_matrix": [
        [
            880,
            14,
            71,
            15,
            14,
            7,
            7,
            10,
            118,
            20
        ],
        [
            31,
            1022,
            8,
            11,
            4,
            1,
            15,
            8,
            62,
            64
        ],
        [
            71,
            5,
            791,
            55,
            91,
            60,
            81,
            20,
            22,
            3
        ],
        [
            26,
            12,
            105,
            647,
            68,
            166,
            118,
            31,
            28,
            16
        ],
        [
            47,
            6,
            116,
            65,
            728,
            30,
            75,
            93,
            25,
            6
        ],
        [
            14,
            2,
            98,
            203,
            43,
            722,
            60,
            61,
            15,
            5
        ],
        [
            5,
            6,
            73,
            50,
            41,
            15,
            962,
            6,
            18,
            7
        ],
        [
            19,
            1,
            64,
            61,
            89,
            55,
            13,
            877,
            10,
            9
        ],
        [
            60,
            26,
            13,
            9,
            6,
            3,
            7,
            2,
            1023,
            11
        ],
        [
            50,
            153,
            12,
            31,
            3,
            6,
            12,
            19,
            61,
            900
        ]
    ]
}