{
    "epoch": 1,
    "loss": 0.016185993421822788,
    "accuracy": 0.6332291666666666,
    "precision": 0.6621407795864087,
    "recall": 0.631371625651499,
    "f1": 0.6344561878775135,
    "confusion_matrix": [
        [
            559,
            26,
            156,
            11,
            42,
            3,
            8,
            8,
            86,
            16
        ],
        [
            29,
            815,
            10,
            7,
            10,
            1,
            28,
            4,
            35,
            58
        ],
        [
            34,
            5,
            669,
            30,
            121,
            22,
            66,
            15,
            11,
            8
        ],
        [
            7,
            2,
            215,
            357,
            113,
            100,
            107,
            32,
            13,
            7
        ],
        [
            26,
            2,
            156,
            17,
            671,
            13,
            57,
            47,
            5,
            3
        ],
        [
            2,
            3,
            176,
            166,
            84,
            386,
            60,
            49,
            3,
            4
        ],
        [
            2,
            7,
            98,
            37,
            98,
            7,
            674,
            4,
            3,
            4
        ],
        [
            9,
            2,
            104,
            30,
            171,
            30,
            13,
            596,
            5,
            3
        ],
        [
            69,
            37,
            47,
            22,
            13,
            2,
            7,
            4,
            759,
            14
        ],
        [
            31,
            170,
            32,
            28,
            14,
            2,
            30,
            20,
            33,
            593
        ]
    ]
}