{
    "epoch": 5,
    "loss": 0.012264600042253732,
    "accuracy": 0.725625,
    "precision": 0.7287460433466184,
    "recall": 0.725382256074991,
    "f1": 0.7240701145166961,
    "confusion_matrix": [
        [
            693,
            12,
            44,
            16,
            35,
            6,
            9,
            10,
            69,
            21
        ],
        [
            23,
            836,
            4,
            6,
            5,
            0,
            25,
            7,
            17,
            74
        ],
        [
            51,
            2,
            523,
            47,
            149,
            59,
            96,
            31,
            12,
            11
        ],
        [
            14,
            0,
            51,
            504,
            80,
            142,
            109,
            30,
            12,
            11
        ],
        [
            23,
            1,
            48,
            24,
            753,
            21,
            64,
            55,
            7,
            1
        ],
        [
            5,
            3,
            37,
            140,
            65,
            590,
            44,
            41,
            2,
            6
        ],
        [
            0,
            4,
            35,
            33,
            56,
            14,
            782,
            2,
            4,
            4
        ],
        [
            7,
            1,
            23,
            48,
            87,
            47,
            8,
            732,
            7,
            3
        ],
        [
            45,
            36,
            10,
            15,
            17,
            3,
            6,
            3,
            825,
            14
        ],
        [
            34,
            85,
            8,
            21,
            7,
            5,
            27,
            16,
            22,
            728
        ]
    ]
}