{
    "loss": 0.012767797730863095,
    "accuracy": 0.7439166666666667,
    "precision": 0.7464994052046265,
    "recall": 0.745088198682165,
    "f1": 0.74410936931336,
    "confusion_matrix": [
        [
            953,
            23,
            58,
            21,
            10,
            9,
            4,
            16,
            73,
            35
        ],
        [
            30,
            1022,
            7,
            7,
            0,
            2,
            9,
            5,
            46,
            72
        ],
        [
            64,
            5,
            820,
            74,
            83,
            56,
            66,
            35,
            12,
            10
        ],
        [
            27,
            8,
            91,
            744,
            55,
            120,
            65,
            69,
            22,
            8
        ],
        [
            34,
            3,
            75,
            77,
            768,
            29,
            50,
            117,
            19,
            4
        ],
        [
            7,
            3,
            68,
            273,
            48,
            718,
            17,
            93,
            7,
            8
        ],
        [
            10,
            8,
            56,
            82,
            42,
            18,
            972,
            7,
            8,
            4
        ],
        [
            10,
            2,
            33,
            53,
            45,
            34,
            7,
            988,
            10,
            14
        ],
        [
            68,
            29,
            12,
            7,
            5,
            5,
            4,
            8,
            986,
            22
        ],
        [
            34,
            111,
            9,
            16,
            2,
            1,
            5,
            21,
            42,
            956
        ]
    ]
}