{
    "epoch": 6,
    "loss": 0.012240975458795825,
    "accuracy": 0.7375,
    "precision": 0.7412045309614033,
    "recall": 0.7374950540988723,
    "f1": 0.7361671994226813,
    "confusion_matrix": [
        [
            753,
            22,
            53,
            12,
            13,
            3,
            10,
            7,
            17,
            25
        ],
        [
            21,
            866,
            5,
            1,
            1,
            0,
            16,
            4,
            5,
            78
        ],
        [
            67,
            8,
            661,
            36,
            75,
            37,
            57,
            26,
            5,
            9
        ],
        [
            16,
            4,
            106,
            464,
            56,
            161,
            92,
            26,
            7,
            21
        ],
        [
            31,
            2,
            83,
            28,
            717,
            17,
            59,
            52,
            6,
            2
        ],
        [
            3,
            4,
            85,
            101,
            37,
            613,
            40,
            41,
            2,
            7
        ],
        [
            1,
            7,
            50,
            33,
            39,
            13,
            780,
            4,
            3,
            4
        ],
        [
            17,
            3,
            58,
            39,
            64,
            37,
            9,
            727,
            1,
            8
        ],
        [
            99,
            61,
            20,
            15,
            13,
            2,
            5,
            2,
            727,
            30
        ],
        [
            32,
            86,
            15,
            11,
            2,
            4,
            13,
            9,
            9,
            772
        ]
    ]
}