{
    "epoch": 3,
    "loss": 0.013059652304897706,
    "accuracy": 0.7069791666666667,
    "precision": 0.7122410927594619,
    "recall": 0.7068405268857807,
    "f1": 0.7052311107282718,
    "confusion_matrix": [
        [
            725,
            31,
            43,
            15,
            9,
            2,
            7,
            3,
            56,
            24
        ],
        [
            17,
            904,
            4,
            3,
            2,
            0,
            6,
            4,
            11,
            46
        ],
        [
            85,
            16,
            513,
            94,
            81,
            53,
            88,
            16,
            20,
            15
        ],
        [
            21,
            9,
            46,
            608,
            39,
            102,
            69,
            16,
            18,
            25
        ],
        [
            58,
            5,
            57,
            69,
            635,
            26,
            74,
            58,
            7,
            8
        ],
        [
            11,
            6,
            40,
            238,
            36,
            514,
            35,
            37,
            4,
            12
        ],
        [
            6,
            18,
            40,
            70,
            36,
            11,
            729,
            2,
            12,
            10
        ],
        [
            29,
            4,
            29,
            71,
            64,
            50,
            10,
            672,
            10,
            24
        ],
        [
            61,
            55,
            5,
            18,
            8,
            0,
            2,
            1,
            799,
            25
        ],
        [
            22,
            177,
            5,
            20,
            3,
            2,
            10,
            4,
            22,
            688
        ]
    ]
}