{
    "epoch": 0,
    "loss": 0.018639771447827417,
    "accuracy": 0.5707291666666666,
    "precision": 0.5808110876278418,
    "recall": 0.57042805194808,
    "f1": 0.5683324711755994,
    "confusion_matrix": [
        [
            537,
            36,
            56,
            22,
            10,
            6,
            8,
            6,
            201,
            33
        ],
        [
            10,
            800,
            4,
            17,
            4,
            0,
            13,
            5,
            81,
            63
        ],
        [
            75,
            10,
            506,
            98,
            68,
            90,
            46,
            27,
            47,
            14
        ],
        [
            20,
            9,
            122,
            432,
            39,
            187,
            53,
            38,
            26,
            27
        ],
        [
            60,
            10,
            309,
            62,
            303,
            59,
            65,
            98,
            25,
            6
        ],
        [
            14,
            12,
            119,
            207,
            31,
            454,
            22,
            56,
            9,
            9
        ],
        [
            9,
            21,
            118,
            90,
            83,
            26,
            552,
            10,
            14,
            11
        ],
        [
            25,
            5,
            68,
            74,
            68,
            89,
            11,
            569,
            19,
            35
        ],
        [
            55,
            56,
            17,
            24,
            4,
            5,
            4,
            3,
            791,
            15
        ],
        [
            29,
            247,
            9,
            37,
            1,
            3,
            17,
            12,
            63,
            535
        ]
    ]
}