{
    "epoch": 2,
    "loss": 0.014347633682191371,
    "accuracy": 0.6773958333333333,
    "precision": 0.6923838092797521,
    "recall": 0.6771617864693154,
    "f1": 0.680222811623246,
    "confusion_matrix": [
        [
            596,
            8,
            76,
            27,
            36,
            18,
            2,
            18,
            108,
            26
        ],
        [
            14,
            726,
            7,
            17,
            4,
            6,
            21,
            10,
            37,
            155
        ],
        [
            38,
            2,
            510,
            88,
            122,
            111,
            49,
            41,
            12,
            8
        ],
        [
            8,
            1,
            54,
            504,
            45,
            239,
            24,
            53,
            11,
            14
        ],
        [
            22,
            0,
            52,
            71,
            636,
            78,
            31,
            99,
            5,
            3
        ],
        [
            1,
            1,
            40,
            154,
            32,
            631,
            8,
            59,
            4,
            3
        ],
        [
            0,
            3,
            49,
            105,
            92,
            59,
            602,
            13,
            3,
            8
        ],
        [
            5,
            1,
            28,
            42,
            66,
            76,
            2,
            731,
            8,
            4
        ],
        [
            37,
            16,
            11,
            27,
            14,
            6,
            5,
            7,
            831,
            20
        ],
        [
            23,
            50,
            8,
            49,
            4,
            15,
            11,
            30,
            27,
            736
        ]
    ]
}