{
    "epoch": 7,
    "loss": 0.012501174714416266,
    "accuracy": 0.7338541666666667,
    "precision": 0.7410014673045542,
    "recall": 0.7339925510462182,
    "f1": 0.7342393209040095,
    "confusion_matrix": [
        [
            770,
            12,
            36,
            16,
            17,
            1,
            5,
            5,
            35,
            18
        ],
        [
            29,
            801,
            8,
            8,
            1,
            1,
            30,
            2,
            38,
            79
        ],
        [
            75,
            0,
            580,
            77,
            110,
            38,
            65,
            17,
            11,
            8
        ],
        [
            30,
            3,
            63,
            597,
            63,
            88,
            61,
            29,
            10,
            9
        ],
        [
            32,
            1,
            68,
            46,
            724,
            15,
            57,
            45,
            6,
            3
        ],
        [
            14,
            2,
            62,
            202,
            59,
            522,
            27,
            38,
            3,
            4
        ],
        [
            5,
            1,
            47,
            48,
            34,
            13,
            772,
            5,
            8,
            1
        ],
        [
            20,
            0,
            41,
            54,
            76,
            30,
            7,
            728,
            3,
            4
        ],
        [
            88,
            10,
            11,
            19,
            15,
            2,
            4,
            1,
            812,
            12
        ],
        [
            50,
            61,
            12,
            29,
            3,
            2,
            24,
            11,
            22,
            739
        ]
    ]
}