{
    "epoch": 8,
    "loss": 0.01262859116308391,
    "accuracy": 0.7342708333333333,
    "precision": 0.7415889985845823,
    "recall": 0.7339498346702547,
    "f1": 0.7361788211745047,
    "confusion_matrix": [
        [
            712,
            17,
            63,
            25,
            22,
            4,
            5,
            12,
            42,
            13
        ],
        [
            15,
            839,
            7,
            8,
            1,
            0,
            18,
            11,
            28,
            70
        ],
        [
            58,
            4,
            587,
            83,
            106,
            43,
            45,
            41,
            8,
            6
        ],
        [
            10,
            2,
            60,
            613,
            55,
            121,
            43,
            37,
            7,
            5
        ],
        [
            24,
            0,
            53,
            53,
            707,
            39,
            34,
            82,
            4,
            1
        ],
        [
            2,
            3,
            41,
            201,
            40,
            579,
            14,
            49,
            2,
            2
        ],
        [
            2,
            5,
            46,
            81,
            69,
            16,
            699,
            8,
            6,
            2
        ],
        [
            10,
            1,
            23,
            58,
            51,
            42,
            3,
            770,
            3,
            2
        ],
        [
            61,
            19,
            12,
            25,
            17,
            3,
            3,
            4,
            820,
            10
        ],
        [
            34,
            69,
            15,
            35,
            3,
            6,
            17,
            29,
            22,
            723
        ]
    ]
}