{
    "epoch": 9,
    "loss": 0.013179288217797876,
    "accuracy": 0.7384375,
    "precision": 0.7396920379700164,
    "recall": 0.7380582381886344,
    "f1": 0.7373402339879092,
    "confusion_matrix": [
        [
            713,
            16,
            59,
            20,
            8,
            3,
            9,
            8,
            62,
            17
        ],
        [
            23,
            863,
            3,
            2,
            0,
            2,
            12,
            4,
            33,
            55
        ],
        [
            56,
            7,
            621,
            69,
            69,
            34,
            56,
            40,
            16,
            13
        ],
        [
            15,
            2,
            63,
            586,
            44,
            100,
            56,
            50,
            19,
            18
        ],
        [
            34,
            1,
            75,
            58,
            660,
            23,
            45,
            89,
            9,
            3
        ],
        [
            5,
            3,
            56,
            188,
            39,
            537,
            17,
            76,
            4,
            8
        ],
        [
            7,
            9,
            46,
            60,
            43,
            10,
            737,
            6,
            8,
            8
        ],
        [
            13,
            0,
            32,
            49,
            42,
            36,
            2,
            777,
            7,
            5
        ],
        [
            48,
            21,
            4,
            13,
            7,
            2,
            6,
            3,
            854,
            16
        ],
        [
            32,
            92,
            10,
            20,
            1,
            2,
            12,
            16,
            27,
            741
        ]
    ]
}