{
    "epoch": 4,
    "loss": 0.01249794731537501,
    "accuracy": 0.7247916666666666,
    "precision": 0.7282812246763672,
    "recall": 0.72365100951046,
    "f1": 0.7228211533744854,
    "confusion_matrix": [
        [
            647,
            30,
            63,
            19,
            22,
            2,
            7,
            10,
            89,
            26
        ],
        [
            6,
            899,
            5,
            3,
            2,
            0,
            10,
            3,
            19,
            50
        ],
        [
            44,
            16,
            589,
            62,
            98,
            31,
            75,
            36,
            18,
            12
        ],
        [
            8,
            6,
            73,
            546,
            80,
            97,
            78,
            30,
            21,
            14
        ],
        [
            19,
            4,
            61,
            40,
            728,
            11,
            51,
            71,
            7,
            5
        ],
        [
            1,
            4,
            62,
            198,
            59,
            499,
            39,
            59,
            4,
            8
        ],
        [
            1,
            9,
            46,
            55,
            54,
            9,
            745,
            3,
            6,
            6
        ],
        [
            4,
            3,
            42,
            47,
            83,
            30,
            7,
            730,
            10,
            7
        ],
        [
            31,
            42,
            8,
            10,
            11,
            1,
            4,
            3,
            841,
            23
        ],
        [
            16,
            125,
            9,
            17,
            2,
            2,
            17,
            6,
            25,
            734
        ]
    ]
}