{
    "loss": 0.01248914390305678,
    "accuracy": 0.7195833333333334,
    "precision": 0.7222609221023634,
    "recall": 0.7192123514541275,
    "f1": 0.7196039134869723,
    "confusion_matrix": [
        [
            881,
            18,
            42,
            26,
            20,
            8,
            4,
            9,
            95,
            42
        ],
        [
            16,
            1034,
            9,
            4,
            5,
            5,
            4,
            4,
            42,
            92
        ],
        [
            103,
            9,
            701,
            78,
            132,
            73,
            55,
            33,
            34,
            13
        ],
        [
            24,
            7,
            80,
            690,
            56,
            211,
            51,
            35,
            21,
            26
        ],
        [
            40,
            3,
            90,
            89,
            789,
            44,
            33,
            84,
            12,
            8
        ],
        [
            8,
            4,
            55,
            221,
            43,
            757,
            18,
            48,
            8,
            7
        ],
        [
            11,
            11,
            63,
            111,
            71,
            39,
            849,
            6,
            14,
            13
        ],
        [
            22,
            5,
            37,
            83,
            92,
            68,
            1,
            870,
            9,
            13
        ],
        [
            48,
            36,
            13,
            17,
            10,
            5,
            4,
            5,
            1071,
            24
        ],
        [
            35,
            103,
            9,
            19,
            6,
            8,
            6,
            8,
            39,
            993
        ]
    ]
}