{
    "epoch": 5,
    "loss": 0.011609683379530906,
    "accuracy": 0.7452,
    "precision": 0.7502037168459832,
    "recall": 0.7455211484727898,
    "f1": 0.7464615668705807,
    "confusion_matrix": [
        [
            818,
            7,
            48,
            21,
            9,
            9,
            7,
            14,
            43,
            13
        ],
        [
            27,
            851,
            4,
            4,
            2,
            3,
            9,
            4,
            25,
            61
        ],
        [
            79,
            3,
            649,
            73,
            92,
            23,
            40,
            33,
            10,
            5
        ],
        [
            13,
            5,
            64,
            651,
            46,
            126,
            59,
            33,
            7,
            6
        ],
        [
            33,
            1,
            88,
            66,
            642,
            13,
            41,
            64,
            7,
            1
        ],
        [
            8,
            2,
            61,
            188,
            54,
            614,
            25,
            60,
            5,
            7
        ],
        [
            8,
            6,
            57,
            80,
            34,
            20,
            840,
            10,
            4,
            7
        ],
        [
            14,
            1,
            35,
            58,
            57,
            38,
            4,
            761,
            3,
            4
        ],
        [
            80,
            20,
            14,
            16,
            6,
            3,
            4,
            4,
            828,
            23
        ],
        [
            40,
            74,
            9,
            23,
            1,
            3,
            10,
            13,
            14,
            798
        ]
    ]
}