{
    "epoch": 7,
    "loss": 0.012143024039268493,
    "accuracy": 0.7436,
    "precision": 0.7506024012070893,
    "recall": 0.7440741303831674,
    "f1": 0.7443887796592901,
    "confusion_matrix": [
        [
            739,
            8,
            55,
            27,
            34,
            6,
            5,
            15,
            65,
            35
        ],
        [
            12,
            834,
            8,
            6,
            8,
            0,
            12,
            0,
            24,
            86
        ],
        [
            59,
            1,
            659,
            41,
            132,
            26,
            54,
            24,
            6,
            5
        ],
        [
            5,
            2,
            66,
            599,
            85,
            109,
            90,
            29,
            14,
            11
        ],
        [
            16,
            0,
            53,
            39,
            742,
            19,
            44,
            36,
            7,
            0
        ],
        [
            7,
            2,
            63,
            216,
            64,
            578,
            33,
            48,
            4,
            9
        ],
        [
            4,
            4,
            48,
            49,
            49,
            12,
            886,
            3,
            5,
            6
        ],
        [
            4,
            0,
            40,
            56,
            115,
            28,
            4,
            718,
            4,
            6
        ],
        [
            54,
            19,
            16,
            13,
            10,
            1,
            9,
            5,
            843,
            28
        ],
        [
            24,
            46,
            9,
            19,
            8,
            3,
            11,
            8,
            19,
            838
        ]
    ]
}