{
    "epoch": 6,
    "loss": 0.011933919596672058,
    "accuracy": 0.7383,
    "precision": 0.7467164363512659,
    "recall": 0.7384823559643104,
    "f1": 0.738710194670068,
    "confusion_matrix": [
        [
            782,
            13,
            65,
            15,
            7,
            15,
            7,
            16,
            54,
            15
        ],
        [
            15,
            877,
            11,
            4,
            1,
            3,
            10,
            2,
            15,
            52
        ],
        [
            66,
            2,
            735,
            27,
            68,
            53,
            23,
            21,
            8,
            4
        ],
        [
            17,
            2,
            103,
            458,
            49,
            269,
            64,
            34,
            9,
            5
        ],
        [
            22,
            1,
            131,
            31,
            647,
            44,
            24,
            47,
            8,
            1
        ],
        [
            8,
            2,
            65,
            92,
            30,
            752,
            18,
            51,
            2,
            4
        ],
        [
            8,
            9,
            92,
            44,
            40,
            50,
            808,
            7,
            2,
            6
        ],
        [
            11,
            2,
            52,
            27,
            69,
            78,
            5,
            723,
            2,
            6
        ],
        [
            60,
            24,
            16,
            8,
            4,
            9,
            6,
            6,
            842,
            23
        ],
        [
            40,
            96,
            17,
            22,
            2,
            13,
            7,
            14,
            15,
            759
        ]
    ]
}