{
    "loss": 0.013516583985090256,
    "accuracy": 0.7452,
    "precision": 0.750062940377633,
    "recall": 0.7452,
    "f1": 0.744475830075364,
    "confusion_matrix": [
        [
            794,
            22,
            26,
            23,
            8,
            14,
            15,
            13,
            42,
            43
        ],
        [
            12,
            834,
            3,
            7,
            1,
            3,
            6,
            2,
            9,
            123
        ],
        [
            70,
            8,
            530,
            82,
            98,
            81,
            73,
            35,
            8,
            15
        ],
        [
            11,
            11,
            27,
            608,
            60,
            166,
            63,
            30,
            3,
            21
        ],
        [
            19,
            2,
            44,
            64,
            689,
            48,
            42,
            79,
            5,
            8
        ],
        [
            9,
            3,
            25,
            153,
            45,
            695,
            17,
            36,
            4,
            13
        ],
        [
            7,
            11,
            26,
            73,
            27,
            20,
            811,
            7,
            5,
            13
        ],
        [
            10,
            1,
            12,
            49,
            44,
            63,
            6,
            795,
            1,
            19
        ],
        [
            53,
            36,
            6,
            23,
            9,
            7,
            6,
            5,
            809,
            46
        ],
        [
            19,
            45,
            2,
            14,
            6,
            4,
            3,
            6,
            14,
            887
        ]
    ]
}