{
    "epoch": 3,
    "loss": 0.012555709850788117,
    "accuracy": 0.7227,
    "precision": 0.7335635403503158,
    "recall": 0.7228672813739156,
    "f1": 0.7248976604578344,
    "confusion_matrix": [
        [
            781,
            6,
            62,
            35,
            10,
            4,
            7,
            8,
            64,
            12
        ],
        [
            41,
            795,
            9,
            11,
            5,
            0,
            16,
            4,
            41,
            68
        ],
        [
            74,
            1,
            627,
            83,
            108,
            29,
            46,
            27,
            9,
            3
        ],
        [
            11,
            1,
            66,
            646,
            71,
            97,
            75,
            26,
            11,
            6
        ],
        [
            26,
            0,
            85,
            61,
            656,
            11,
            49,
            58,
            7,
            3
        ],
        [
            9,
            1,
            58,
            241,
            62,
            553,
            37,
            54,
            4,
            5
        ],
        [
            7,
            4,
            45,
            74,
            50,
            16,
            857,
            2,
            3,
            8
        ],
        [
            16,
            0,
            41,
            71,
            81,
            36,
            5,
            717,
            2,
            6
        ],
        [
            73,
            13,
            18,
            23,
            6,
            2,
            5,
            4,
            842,
            12
        ],
        [
            50,
            67,
            11,
            39,
            3,
            3,
            13,
            8,
            38,
            753
        ]
    ]
}