{
    "epoch": 1,
    "loss": 0.0148844948887825,
    "accuracy": 0.6684,
    "precision": 0.6723131155830965,
    "recall": 0.668259000720969,
    "f1": 0.6670584161903875,
    "confusion_matrix": [
        [
            735,
            17,
            58,
            23,
            7,
            15,
            15,
            17,
            49,
            53
        ],
        [
            29,
            757,
            4,
            6,
            4,
            4,
            13,
            13,
            14,
            146
        ],
        [
            94,
            5,
            450,
            66,
            165,
            80,
            83,
            35,
            10,
            19
        ],
        [
            14,
            2,
            56,
            483,
            78,
            213,
            102,
            24,
            12,
            26
        ],
        [
            32,
            3,
            80,
            47,
            584,
            41,
            76,
            79,
            7,
            7
        ],
        [
            9,
            2,
            45,
            152,
            67,
            643,
            46,
            40,
            6,
            14
        ],
        [
            2,
            6,
            22,
            59,
            73,
            36,
            840,
            4,
            6,
            18
        ],
        [
            8,
            3,
            23,
            48,
            114,
            82,
            8,
            669,
            3,
            17
        ],
        [
            126,
            39,
            27,
            18,
            4,
            6,
            13,
            4,
            716,
            45
        ],
        [
            31,
            66,
            6,
            20,
            4,
            5,
            18,
            11,
            17,
            807
        ]
    ]
}