{
    "epoch": 8,
    "loss": 0.012428725272417068,
    "accuracy": 0.7465,
    "precision": 0.7508519938951077,
    "recall": 0.7466687131746653,
    "f1": 0.7476157594268579,
    "confusion_matrix": [
        [
            791,
            6,
            56,
            19,
            6,
            4,
            4,
            11,
            74,
            18
        ],
        [
            22,
            841,
            10,
            8,
            1,
            0,
            8,
            0,
            40,
            60
        ],
        [
            73,
            1,
            686,
            58,
            80,
            32,
            40,
            22,
            13,
            2
        ],
        [
            21,
            3,
            83,
            607,
            49,
            134,
            56,
            36,
            17,
            4
        ],
        [
            27,
            2,
            98,
            50,
            653,
            23,
            43,
            46,
            14,
            0
        ],
        [
            10,
            1,
            69,
            177,
            42,
            644,
            14,
            51,
            9,
            7
        ],
        [
            6,
            9,
            73,
            61,
            32,
            19,
            844,
            8,
            8,
            6
        ],
        [
            17,
            2,
            44,
            49,
            72,
            48,
            4,
            731,
            3,
            5
        ],
        [
            56,
            9,
            13,
            12,
            2,
            1,
            3,
            4,
            883,
            15
        ],
        [
            37,
            69,
            14,
            23,
            3,
            6,
            3,
            9,
            36,
            785
        ]
    ]
}