{
    "epoch": 2,
    "loss": 0.013721082127094268,
    "accuracy": 0.6967,
    "precision": 0.7002394163551686,
    "recall": 0.6971969467365287,
    "f1": 0.6938098004850928,
    "confusion_matrix": [
        [
            746,
            16,
            47,
            21,
            6,
            10,
            3,
            13,
            75,
            52
        ],
        [
            20,
            804,
            2,
            6,
            1,
            0,
            5,
            5,
            26,
            121
        ],
        [
            95,
            2,
            633,
            48,
            52,
            69,
            28,
            49,
            20,
            11
        ],
        [
            23,
            8,
            99,
            439,
            30,
            253,
            45,
            61,
            25,
            27
        ],
        [
            44,
            5,
            135,
            43,
            505,
            45,
            25,
            129,
            15,
            10
        ],
        [
            16,
            8,
            64,
            101,
            32,
            686,
            19,
            70,
            5,
            23
        ],
        [
            14,
            27,
            95,
            70,
            43,
            51,
            706,
            16,
            11,
            33
        ],
        [
            21,
            2,
            32,
            35,
            40,
            62,
            0,
            756,
            5,
            22
        ],
        [
            57,
            26,
            11,
            4,
            1,
            3,
            1,
            7,
            855,
            33
        ],
        [
            31,
            58,
            4,
            12,
            0,
            5,
            3,
            9,
            26,
            837
        ]
    ]
}