{
    "epoch": 0,
    "loss": 0.018470183169841767,
    "accuracy": 0.5833,
    "precision": 0.5950344986734823,
    "recall": 0.5846089542909167,
    "f1": 0.5801137591019069,
    "confusion_matrix": [
        [
            628,
            47,
            55,
            20,
            15,
            16,
            4,
            37,
            84,
            83
        ],
        [
            22,
            751,
            2,
            11,
            5,
            4,
            6,
            10,
            14,
            165
        ],
        [
            101,
            12,
            294,
            114,
            209,
            109,
            37,
            88,
            20,
            23
        ],
        [
            16,
            12,
            39,
            494,
            71,
            210,
            37,
            70,
            19,
            42
        ],
        [
            41,
            9,
            46,
            83,
            492,
            54,
            40,
            172,
            6,
            13
        ],
        [
            11,
            8,
            48,
            206,
            52,
            510,
            15,
            139,
            6,
            29
        ],
        [
            4,
            21,
            30,
            168,
            147,
            24,
            581,
            39,
            3,
            49
        ],
        [
            8,
            3,
            8,
            64,
            68,
            76,
            1,
            713,
            7,
            27
        ],
        [
            145,
            81,
            14,
            13,
            2,
            9,
            4,
            11,
            636,
            83
        ],
        [
            25,
            139,
            4,
            22,
            2,
            3,
            6,
            27,
            23,
            734
        ]
    ]
}