{
    "epoch": 4,
    "loss": 0.01229098126590252,
    "accuracy": 0.7234,
    "precision": 0.729812851347981,
    "recall": 0.7228996727898112,
    "f1": 0.7241603389482958,
    "confusion_matrix": [
        [
            727,
            13,
            102,
            24,
            21,
            13,
            14,
            10,
            52,
            13
        ],
        [
            17,
            834,
            11,
            12,
            1,
            4,
            25,
            2,
            28,
            56
        ],
        [
            48,
            1,
            654,
            43,
            100,
            57,
            72,
            24,
            5,
            3
        ],
        [
            5,
            3,
            57,
            499,
            47,
            227,
            131,
            26,
            7,
            8
        ],
        [
            17,
            0,
            78,
            46,
            640,
            27,
            89,
            51,
            7,
            1
        ],
        [
            5,
            2,
            36,
            122,
            42,
            715,
            52,
            41,
            2,
            7
        ],
        [
            5,
            5,
            35,
            45,
            28,
            32,
            907,
            4,
            1,
            4
        ],
        [
            9,
            2,
            41,
            47,
            69,
            64,
            14,
            717,
            3,
            9
        ],
        [
            94,
            23,
            24,
            19,
            8,
            7,
            12,
            5,
            788,
            18
        ],
        [
            44,
            85,
            13,
            30,
            4,
            5,
            31,
            10,
            10,
            753
        ]
    ]
}