{
    "epoch": 9,
    "loss": 0.013045845529437066,
    "accuracy": 0.7512,
    "precision": 0.7548323185540335,
    "recall": 0.7515898939420596,
    "f1": 0.7504284681413567,
    "confusion_matrix": [
        [
            766,
            10,
            29,
            35,
            12,
            9,
            10,
            14,
            54,
            50
        ],
        [
            10,
            855,
            1,
            4,
            4,
            1,
            7,
            1,
            13,
            94
        ],
        [
            82,
            6,
            553,
            64,
            116,
            60,
            75,
            28,
            8,
            15
        ],
        [
            7,
            6,
            24,
            597,
            66,
            187,
            70,
            27,
            7,
            19
        ],
        [
            19,
            1,
            29,
            59,
            691,
            31,
            38,
            74,
            11,
            3
        ],
        [
            5,
            4,
            17,
            150,
            44,
            717,
            22,
            49,
            3,
            13
        ],
        [
            4,
            18,
            26,
            56,
            43,
            31,
            860,
            6,
            3,
            19
        ],
        [
            5,
            4,
            14,
            53,
            52,
            48,
            6,
            778,
            3,
            12
        ],
        [
            55,
            25,
            7,
            12,
            5,
            5,
            6,
            4,
            833,
            46
        ],
        [
            16,
            58,
            5,
            12,
            3,
            9,
            6,
            6,
            8,
            862
        ]
    ]
}