{
    "epoch": 8,
    "loss": 0.012945790914818645,
    "accuracy": 0.7372916666666667,
    "precision": 0.7488912848171696,
    "recall": 0.7370055140416751,
    "f1": 0.7392591922120858,
    "confusion_matrix": [
        [
            699,
            20,
            28,
            24,
            15,
            23,
            2,
            21,
            47,
            55
        ],
        [
            11,
            842,
            0,
            11,
            3,
            8,
            13,
            3,
            16,
            91
        ],
        [
            56,
            3,
            568,
            101,
            89,
            93,
            32,
            25,
            9,
            8
        ],
        [
            20,
            3,
            34,
            577,
            44,
            217,
            18,
            34,
            13,
            9
        ],
        [
            19,
            4,
            41,
            75,
            653,
            57,
            26,
            60,
            10,
            5
        ],
        [
            6,
            3,
            20,
            146,
            29,
            677,
            6,
            40,
            3,
            6
        ],
        [
            11,
            5,
            41,
            98,
            32,
            63,
            687,
            5,
            9,
            6
        ],
        [
            11,
            1,
            12,
            58,
            49,
            69,
            0,
            698,
            3,
            14
        ],
        [
            33,
            27,
            5,
            14,
            1,
            10,
            0,
            3,
            844,
            38
        ],
        [
            16,
            68,
            0,
            16,
            3,
            13,
            2,
            15,
            16,
            833
        ]
    ]
}