{
    "epoch": 7,
    "loss": 0.012056292149548729,
    "accuracy": 0.7447916666666666,
    "precision": 0.7423487052646869,
    "recall": 0.7446342747939255,
    "f1": 0.7418033511665776,
    "confusion_matrix": [
        [
            738,
            25,
            30,
            10,
            8,
            10,
            5,
            13,
            49,
            46
        ],
        [
            18,
            831,
            0,
            5,
            3,
            3,
            13,
            3,
            31,
            91
        ],
        [
            62,
            6,
            587,
            53,
            91,
            70,
            57,
            31,
            20,
            7
        ],
        [
            32,
            5,
            44,
            514,
            56,
            171,
            64,
            37,
            23,
            23
        ],
        [
            30,
            6,
            44,
            38,
            658,
            35,
            45,
            76,
            12,
            6
        ],
        [
            10,
            2,
            33,
            134,
            47,
            610,
            31,
            45,
            10,
            14
        ],
        [
            15,
            4,
            29,
            32,
            38,
            36,
            778,
            5,
            13,
            7
        ],
        [
            18,
            4,
            15,
            34,
            41,
            47,
            3,
            730,
            4,
            19
        ],
        [
            55,
            18,
            7,
            6,
            2,
            4,
            4,
            1,
            847,
            31
        ],
        [
            20,
            56,
            1,
            9,
            4,
            6,
            4,
            8,
            17,
            857
        ]
    ]
}