{
    "epoch": 4,
    "loss": 0.012813461230446894,
    "accuracy": 0.7192708333333333,
    "precision": 0.7219317325360837,
    "recall": 0.7190011259339054,
    "f1": 0.7156323134981311,
    "confusion_matrix": [
        [
            696,
            21,
            43,
            8,
            12,
            10,
            3,
            18,
            61,
            62
        ],
        [
            12,
            781,
            2,
            2,
            1,
            0,
            8,
            8,
            36,
            148
        ],
        [
            63,
            6,
            640,
            29,
            99,
            47,
            25,
            37,
            22,
            16
        ],
        [
            22,
            6,
            79,
            421,
            102,
            203,
            36,
            43,
            25,
            32
        ],
        [
            22,
            6,
            76,
            24,
            654,
            24,
            18,
            94,
            21,
            11
        ],
        [
            15,
            4,
            62,
            91,
            59,
            604,
            18,
            55,
            17,
            11
        ],
        [
            8,
            10,
            77,
            39,
            79,
            25,
            668,
            13,
            25,
            13
        ],
        [
            15,
            5,
            21,
            24,
            45,
            46,
            2,
            721,
            6,
            30
        ],
        [
            48,
            16,
            12,
            6,
            1,
            4,
            1,
            1,
            841,
            45
        ],
        [
            16,
            42,
            2,
            5,
            5,
            4,
            2,
            9,
            18,
            879
        ]
    ]
}