{
    "epoch": 1,
    "loss": 0.015817542523145676,
    "accuracy": 0.643125,
    "precision": 0.6480742283024084,
    "recall": 0.6422474275099661,
    "f1": 0.6383312805570525,
    "confusion_matrix": [
        [
            620,
            30,
            55,
            36,
            11,
            7,
            11,
            27,
            97,
            40
        ],
        [
            7,
            839,
            8,
            14,
            1,
            1,
            14,
            9,
            35,
            70
        ],
        [
            80,
            5,
            460,
            134,
            78,
            55,
            93,
            61,
            13,
            5
        ],
        [
            24,
            7,
            55,
            573,
            32,
            122,
            103,
            31,
            13,
            9
        ],
        [
            33,
            17,
            134,
            94,
            393,
            23,
            137,
            106,
            10,
            3
        ],
        [
            19,
            9,
            71,
            258,
            22,
            419,
            50,
            73,
            9,
            6
        ],
        [
            7,
            12,
            30,
            66,
            28,
            13,
            783,
            8,
            7,
            3
        ],
        [
            10,
            10,
            22,
            84,
            42,
            46,
            12,
            657,
            8,
            24
        ],
        [
            79,
            59,
            18,
            21,
            1,
            8,
            10,
            9,
            740,
            30
        ],
        [
            22,
            152,
            2,
            33,
            2,
            10,
            14,
            24,
            33,
            690
        ]
    ]
}