{
    "epoch": 6,
    "loss": 0.012161903120577335,
    "accuracy": 0.7275,
    "precision": 0.7362036854228012,
    "recall": 0.7264794588366249,
    "f1": 0.7272222984277441,
    "confusion_matrix": [
        [
            652,
            20,
            42,
            29,
            10,
            12,
            7,
            15,
            84,
            63
        ],
        [
            17,
            773,
            5,
            9,
            1,
            0,
            18,
            4,
            29,
            142
        ],
        [
            48,
            3,
            616,
            90,
            68,
            50,
            54,
            32,
            12,
            11
        ],
        [
            19,
            2,
            42,
            662,
            39,
            94,
            43,
            32,
            17,
            19
        ],
        [
            22,
            6,
            85,
            97,
            573,
            30,
            49,
            72,
            11,
            5
        ],
        [
            7,
            3,
            42,
            258,
            33,
            525,
            18,
            31,
            7,
            12
        ],
        [
            10,
            4,
            36,
            70,
            34,
            16,
            759,
            5,
            11,
            12
        ],
        [
            12,
            4,
            24,
            77,
            39,
            46,
            3,
            685,
            5,
            20
        ],
        [
            27,
            16,
            9,
            10,
            3,
            3,
            6,
            2,
            863,
            36
        ],
        [
            12,
            36,
            1,
            18,
            0,
            6,
            2,
            14,
            17,
            876
        ]
    ]
}