{
    "epoch": 0,
    "loss": 0.01938756687566638,
    "accuracy": 0.5480208333333333,
    "precision": 0.5534419290187381,
    "recall": 0.5476214624375493,
    "f1": 0.5405970155255678,
    "confusion_matrix": [
        [
            463,
            30,
            63,
            12,
            32,
            25,
            19,
            32,
            180,
            78
        ],
        [
            11,
            591,
            1,
            13,
            8,
            3,
            54,
            15,
            47,
            255
        ],
        [
            57,
            3,
            351,
            71,
            158,
            126,
            121,
            54,
            30,
            13
        ],
        [
            16,
            7,
            57,
            298,
            80,
            239,
            200,
            39,
            12,
            21
        ],
        [
            29,
            5,
            115,
            33,
            383,
            53,
            198,
            110,
            15,
            9
        ],
        [
            14,
            3,
            60,
            141,
            61,
            431,
            122,
            75,
            17,
            12
        ],
        [
            2,
            0,
            40,
            27,
            54,
            24,
            771,
            12,
            12,
            15
        ],
        [
            4,
            5,
            13,
            47,
            101,
            96,
            53,
            543,
            10,
            43
        ],
        [
            71,
            38,
            19,
            13,
            4,
            15,
            12,
            20,
            704,
            79
        ],
        [
            16,
            92,
            3,
            17,
            11,
            14,
            42,
            30,
            31,
            726
        ]
    ]
}