{
    "epoch": 5,
    "loss": 0.012217399834965666,
    "accuracy": 0.7321875,
    "precision": 0.7321423210403797,
    "recall": 0.7319641803773955,
    "f1": 0.7293245082583717,
    "confusion_matrix": [
        [
            764,
            15,
            35,
            10,
            11,
            4,
            3,
            13,
            57,
            22
        ],
        [
            35,
            827,
            1,
            3,
            1,
            0,
            15,
            4,
            32,
            80
        ],
        [
            79,
            6,
            557,
            52,
            136,
            49,
            48,
            42,
            7,
            8
        ],
        [
            29,
            6,
            44,
            531,
            88,
            129,
            51,
            57,
            20,
            14
        ],
        [
            28,
            3,
            40,
            50,
            711,
            14,
            30,
            59,
            12,
            3
        ],
        [
            19,
            5,
            43,
            185,
            60,
            520,
            28,
            58,
            8,
            10
        ],
        [
            18,
            11,
            37,
            45,
            62,
            10,
            749,
            9,
            12,
            4
        ],
        [
            33,
            3,
            13,
            42,
            61,
            32,
            5,
            706,
            3,
            17
        ],
        [
            53,
            18,
            7,
            5,
            4,
            6,
            3,
            1,
            853,
            25
        ],
        [
            41,
            67,
            1,
            11,
            8,
            3,
            3,
            14,
            23,
            811
        ]
    ]
}