{
    "epoch": 2,
    "loss": 0.013991510576258102,
    "accuracy": 0.6872916666666666,
    "precision": 0.6885761877650108,
    "recall": 0.6870487435633785,
    "f1": 0.6847459726036941,
    "confusion_matrix": [
        [
            626,
            21,
            53,
            16,
            17,
            12,
            9,
            14,
            144,
            22
        ],
        [
            10,
            795,
            6,
            6,
            3,
            2,
            21,
            7,
            72,
            76
        ],
        [
            66,
            5,
            465,
            72,
            151,
            89,
            73,
            36,
            21,
            6
        ],
        [
            21,
            7,
            47,
            494,
            62,
            204,
            67,
            33,
            22,
            12
        ],
        [
            23,
            3,
            51,
            60,
            603,
            45,
            68,
            76,
            17,
            4
        ],
        [
            12,
            1,
            43,
            169,
            40,
            572,
            28,
            52,
            15,
            4
        ],
        [
            4,
            5,
            19,
            68,
            59,
            22,
            750,
            10,
            15,
            5
        ],
        [
            16,
            2,
            16,
            49,
            69,
            58,
            2,
            676,
            9,
            18
        ],
        [
            32,
            21,
            12,
            6,
            3,
            7,
            8,
            3,
            863,
            20
        ],
        [
            27,
            89,
            4,
            23,
            5,
            7,
            8,
            15,
            50,
            754
        ]
    ]
}