{
    "epoch": 3,
    "loss": 0.01312044598783056,
    "accuracy": 0.7107291666666666,
    "precision": 0.718350652015729,
    "recall": 0.7102866835183288,
    "f1": 0.709412452760168,
    "confusion_matrix": [
        [
            703,
            28,
            26,
            18,
            15,
            11,
            3,
            10,
            71,
            49
        ],
        [
            12,
            853,
            4,
            8,
            1,
            0,
            11,
            6,
            22,
            81
        ],
        [
            82,
            6,
            461,
            103,
            127,
            88,
            51,
            36,
            17,
            13
        ],
        [
            29,
            6,
            24,
            623,
            49,
            147,
            30,
            24,
            17,
            20
        ],
        [
            25,
            9,
            33,
            105,
            605,
            28,
            40,
            85,
            10,
            10
        ],
        [
            16,
            7,
            23,
            210,
            39,
            565,
            13,
            36,
            8,
            19
        ],
        [
            10,
            13,
            26,
            109,
            51,
            21,
            686,
            11,
            17,
            13
        ],
        [
            17,
            5,
            11,
            72,
            42,
            46,
            0,
            685,
            3,
            34
        ],
        [
            45,
            36,
            11,
            11,
            1,
            3,
            2,
            0,
            824,
            42
        ],
        [
            25,
            87,
            0,
            17,
            2,
            5,
            1,
            10,
            17,
            818
        ]
    ]
}