{
    "epoch": 9,
    "loss": 0.012799681716909012,
    "accuracy": 0.746875,
    "precision": 0.7465615183727878,
    "recall": 0.7466770163962732,
    "f1": 0.7450122769394907,
    "confusion_matrix": [
        [
            732,
            17,
            37,
            16,
            12,
            17,
            14,
            15,
            41,
            33
        ],
        [
            15,
            886,
            1,
            3,
            2,
            4,
            18,
            3,
            14,
            52
        ],
        [
            52,
            3,
            579,
            64,
            105,
            61,
            69,
            33,
            12,
            6
        ],
        [
            16,
            3,
            38,
            525,
            62,
            197,
            73,
            33,
            15,
            7
        ],
        [
            21,
            3,
            41,
            44,
            686,
            41,
            49,
            57,
            8,
            0
        ],
        [
            6,
            5,
            37,
            145,
            49,
            613,
            31,
            37,
            6,
            7
        ],
        [
            8,
            4,
            30,
            29,
            35,
            21,
            813,
            7,
            7,
            3
        ],
        [
            15,
            4,
            12,
            41,
            52,
            53,
            4,
            720,
            2,
            12
        ],
        [
            54,
            31,
            7,
            15,
            3,
            7,
            4,
            3,
            821,
            30
        ],
        [
            21,
            103,
            1,
            6,
            6,
            11,
            8,
            16,
            15,
            795
        ]
    ]
}