{
    "loss": 0.012786538223425547,
    "accuracy": 0.7475,
    "precision": 0.7473906508160101,
    "recall": 0.7480552979492833,
    "f1": 0.7462098778970072,
    "confusion_matrix": [
        [
            954,
            18,
            54,
            22,
            24,
            11,
            14,
            18,
            71,
            42
        ],
        [
            25,
            1048,
            6,
            8,
            5,
            3,
            8,
            7,
            18,
            57
        ],
        [
            66,
            4,
            718,
            58,
            124,
            69,
            100,
            43,
            17,
            11
        ],
        [
            17,
            8,
            53,
            637,
            86,
            232,
            89,
            35,
            23,
            28
        ],
        [
            26,
            4,
            48,
            51,
            885,
            58,
            55,
            67,
            9,
            6
        ],
        [
            4,
            4,
            34,
            157,
            60,
            812,
            45,
            59,
            3,
            8
        ],
        [
            7,
            4,
            38,
            51,
            41,
            30,
            1003,
            9,
            7,
            6
        ],
        [
            14,
            3,
            20,
            43,
            68,
            66,
            9,
            993,
            6,
            12
        ],
        [
            76,
            35,
            13,
            17,
            12,
            9,
            9,
            5,
            925,
            22
        ],
        [
            30,
            115,
            5,
            14,
            8,
            13,
            10,
            5,
            26,
            995
        ]
    ]
}