{
    "epoch": 4,
    "loss": 0.01356316323702534,
    "accuracy": 0.6991666666666667,
    "precision": 0.7198498380576543,
    "recall": 0.700770136183822,
    "f1": 0.7025269206822032,
    "confusion_matrix": [
        [
            624,
            4,
            118,
            37,
            11,
            14,
            11,
            22,
            112,
            11
        ],
        [
            10,
            786,
            19,
            14,
            4,
            4,
            12,
            3,
            48,
            53
        ],
        [
            31,
            1,
            645,
            36,
            40,
            51,
            55,
            12,
            18,
            2
        ],
        [
            3,
            1,
            116,
            455,
            36,
            279,
            75,
            20,
            10,
            1
        ],
        [
            12,
            5,
            183,
            65,
            571,
            53,
            61,
            42,
            14,
            4
        ],
        [
            1,
            1,
            74,
            111,
            41,
            665,
            37,
            20,
            3,
            0
        ],
        [
            2,
            1,
            76,
            50,
            22,
            27,
            773,
            1,
            5,
            3
        ],
        [
            1,
            0,
            56,
            46,
            71,
            102,
            8,
            682,
            1,
            2
        ],
        [
            22,
            11,
            28,
            17,
            5,
            15,
            12,
            3,
            856,
            8
        ],
        [
            36,
            62,
            17,
            39,
            6,
            17,
            21,
            30,
            44,
            655
        ]
    ]
}