{
    "epoch": 0,
    "loss": 0.01831456378723184,
    "accuracy": 0.5879166666666666,
    "precision": 0.5927302176126098,
    "recall": 0.5879626005575577,
    "f1": 0.5870415602574992,
    "confusion_matrix": [
        [
            581,
            37,
            58,
            47,
            14,
            10,
            12,
            21,
            140,
            44
        ],
        [
            15,
            731,
            2,
            18,
            3,
            2,
            9,
            8,
            38,
            127
        ],
        [
            62,
            6,
            370,
            119,
            84,
            94,
            76,
            45,
            27,
            8
        ],
        [
            17,
            10,
            36,
            494,
            38,
            252,
            69,
            41,
            20,
            19
        ],
        [
            35,
            17,
            138,
            110,
            397,
            76,
            90,
            122,
            19,
            6
        ],
        [
            10,
            7,
            55,
            188,
            45,
            526,
            28,
            67,
            16,
            11
        ],
        [
            9,
            19,
            43,
            121,
            46,
            40,
            640,
            10,
            5,
            27
        ],
        [
            12,
            8,
            14,
            80,
            66,
            118,
            14,
            628,
            7,
            22
        ],
        [
            98,
            66,
            20,
            23,
            2,
            8,
            4,
            6,
            701,
            49
        ],
        [
            49,
            158,
            4,
            46,
            3,
            13,
            14,
            32,
            32,
            576
        ]
    ]
}