{
    "epoch": 7,
    "loss": 0.012219916780789692,
    "accuracy": 0.7398958333333333,
    "precision": 0.7438766266941734,
    "recall": 0.7398764596024278,
    "f1": 0.740484977735508,
    "confusion_matrix": [
        [
            727,
            16,
            51,
            24,
            13,
            3,
            7,
            11,
            81,
            31
        ],
        [
            10,
            836,
            5,
            7,
            3,
            1,
            3,
            0,
            25,
            63
        ],
        [
            52,
            5,
            570,
            46,
            81,
            33,
            71,
            16,
            13,
            4
        ],
        [
            11,
            2,
            68,
            571,
            73,
            166,
            66,
            18,
            12,
            9
        ],
        [
            19,
            6,
            75,
            60,
            746,
            16,
            49,
            22,
            12,
            5
        ],
        [
            5,
            2,
            55,
            178,
            62,
            584,
            26,
            33,
            4,
            4
        ],
        [
            8,
            5,
            31,
            62,
            40,
            16,
            788,
            1,
            6,
            3
        ],
        [
            10,
            3,
            38,
            51,
            116,
            51,
            8,
            685,
            1,
            6
        ],
        [
            53,
            26,
            12,
            12,
            5,
            4,
            4,
            2,
            842,
            17
        ],
        [
            28,
            70,
            6,
            20,
            5,
            3,
            12,
            6,
            23,
            754
        ]
    ]
}