{
    "epoch": 1,
    "loss": 0.015449551480511824,
    "accuracy": 0.64875,
    "precision": 0.6507943437258333,
    "recall": 0.6492637769401337,
    "f1": 0.6465806661061748,
    "confusion_matrix": [
        [
            686,
            9,
            68,
            22,
            14,
            6,
            11,
            8,
            124,
            16
        ],
        [
            36,
            766,
            8,
            5,
            1,
            3,
            9,
            2,
            54,
            69
        ],
        [
            80,
            3,
            480,
            45,
            94,
            64,
            75,
            20,
            26,
            4
        ],
        [
            21,
            6,
            77,
            414,
            54,
            236,
            129,
            29,
            19,
            11
        ],
        [
            45,
            9,
            121,
            73,
            513,
            43,
            89,
            90,
            22,
            5
        ],
        [
            6,
            5,
            77,
            135,
            49,
            570,
            60,
            33,
            11,
            7
        ],
        [
            7,
            6,
            49,
            51,
            32,
            15,
            772,
            3,
            13,
            12
        ],
        [
            17,
            3,
            33,
            58,
            77,
            85,
            18,
            655,
            9,
            14
        ],
        [
            90,
            23,
            20,
            19,
            5,
            6,
            13,
            5,
            785,
            11
        ],
        [
            65,
            135,
            8,
            29,
            3,
            12,
            19,
            12,
            57,
            587
        ]
    ]
}