{
    "epoch": 3,
    "loss": 0.013011311056713264,
    "accuracy": 0.7123958333333333,
    "precision": 0.7202349541013727,
    "recall": 0.7131119478799239,
    "f1": 0.7143086452453631,
    "confusion_matrix": [
        [
            750,
            16,
            61,
            17,
            10,
            3,
            6,
            4,
            58,
            39
        ],
        [
            23,
            786,
            5,
            6,
            1,
            1,
            3,
            2,
            20,
            106
        ],
        [
            69,
            3,
            590,
            53,
            51,
            26,
            68,
            14,
            9,
            8
        ],
        [
            18,
            5,
            86,
            584,
            53,
            150,
            49,
            20,
            13,
            18
        ],
        [
            36,
            7,
            114,
            84,
            631,
            30,
            53,
            39,
            9,
            7
        ],
        [
            11,
            3,
            71,
            192,
            47,
            548,
            32,
            35,
            3,
            11
        ],
        [
            10,
            8,
            63,
            74,
            26,
            14,
            751,
            1,
            4,
            9
        ],
        [
            13,
            6,
            37,
            82,
            80,
            57,
            6,
            667,
            3,
            18
        ],
        [
            85,
            32,
            22,
            14,
            2,
            4,
            5,
            0,
            783,
            30
        ],
        [
            58,
            51,
            7,
            29,
            2,
            2,
            6,
            9,
            14,
            749
        ]
    ]
}