{
    "loss": 0.01323528265953064,
    "accuracy": 0.7341666666666666,
    "precision": 0.7388767868506319,
    "recall": 0.7341623731564043,
    "f1": 0.7344189092380993,
    "confusion_matrix": [
        [
            914,
            14,
            49,
            38,
            12,
            10,
            9,
            8,
            107,
            42
        ],
        [
            11,
            1024,
            8,
            11,
            0,
            7,
            7,
            0,
            50,
            80
        ],
        [
            77,
            9,
            758,
            86,
            73,
            92,
            71,
            17,
            23,
            10
        ],
        [
            24,
            6,
            62,
            638,
            38,
            247,
            101,
            35,
            18,
            18
        ],
        [
            24,
            6,
            102,
            78,
            766,
            87,
            61,
            52,
            10,
            7
        ],
        [
            10,
            4,
            50,
            163,
            31,
            871,
            25,
            21,
            4,
            7
        ],
        [
            6,
            9,
            65,
            84,
            42,
            36,
            924,
            4,
            6,
            8
        ],
        [
            14,
            6,
            40,
            79,
            66,
            102,
            5,
            859,
            5,
            11
        ],
        [
            32,
            17,
            10,
            19,
            5,
            8,
            8,
            2,
            1048,
            21
        ],
        [
            31,
            116,
            13,
            26,
            2,
            10,
            12,
            11,
            47,
            1008
        ]
    ]
}