{
    "epoch": 9,
    "loss": 0.013425064459443092,
    "accuracy": 0.7304166666666667,
    "precision": 0.7349695116703165,
    "recall": 0.7307756492465153,
    "f1": 0.7310864810831172,
    "confusion_matrix": [
        [
            722,
            19,
            41,
            25,
            8,
            10,
            8,
            9,
            99,
            23
        ],
        [
            12,
            811,
            4,
            9,
            2,
            6,
            2,
            1,
            33,
            73
        ],
        [
            64,
            6,
            544,
            54,
            60,
            52,
            72,
            14,
            20,
            5
        ],
        [
            9,
            5,
            53,
            544,
            39,
            237,
            73,
            17,
            9,
            10
        ],
        [
            23,
            4,
            93,
            80,
            641,
            50,
            56,
            44,
            12,
            7
        ],
        [
            6,
            1,
            47,
            148,
            36,
            647,
            30,
            31,
            4,
            3
        ],
        [
            7,
            7,
            40,
            52,
            29,
            21,
            792,
            1,
            8,
            3
        ],
        [
            7,
            5,
            45,
            62,
            54,
            85,
            7,
            693,
            5,
            6
        ],
        [
            33,
            13,
            6,
            15,
            3,
            7,
            4,
            5,
            871,
            20
        ],
        [
            30,
            65,
            6,
            27,
            4,
            6,
            7,
            7,
            28,
            747
        ]
    ]
}