{
    "epoch": 8,
    "loss": 0.012933497571696838,
    "accuracy": 0.7419791666666666,
    "precision": 0.7399502211521389,
    "recall": 0.7421020860497565,
    "f1": 0.7401423473237452,
    "confusion_matrix": [
        [
            778,
            22,
            40,
            16,
            13,
            2,
            4,
            9,
            56,
            24
        ],
        [
            13,
            846,
            3,
            1,
            2,
            1,
            2,
            0,
            14,
            71
        ],
        [
            67,
            6,
            549,
            54,
            70,
            27,
            68,
            21,
            16,
            13
        ],
        [
            17,
            13,
            48,
            557,
            77,
            147,
            53,
            34,
            21,
            29
        ],
        [
            30,
            10,
            65,
            60,
            695,
            27,
            37,
            64,
            12,
            10
        ],
        [
            13,
            5,
            37,
            174,
            56,
            569,
            23,
            48,
            9,
            19
        ],
        [
            13,
            9,
            30,
            51,
            30,
            13,
            785,
            3,
            6,
            20
        ],
        [
            17,
            5,
            22,
            43,
            57,
            47,
            7,
            748,
            3,
            20
        ],
        [
            64,
            31,
            11,
            4,
            2,
            2,
            4,
            3,
            827,
            29
        ],
        [
            51,
            71,
            3,
            11,
            4,
            1,
            3,
            3,
            11,
            769
        ]
    ]
}