{
    "epoch": 5,
    "loss": 0.012667393252874415,
    "accuracy": 0.7297916666666666,
    "precision": 0.7320343552435357,
    "recall": 0.7294415659321795,
    "f1": 0.7276992554696228,
    "confusion_matrix": [
        [
            736,
            14,
            30,
            21,
            14,
            7,
            7,
            17,
            72,
            46
        ],
        [
            11,
            772,
            3,
            5,
            4,
            1,
            3,
            3,
            16,
            135
        ],
        [
            68,
            4,
            474,
            49,
            121,
            39,
            84,
            30,
            15,
            7
        ],
        [
            14,
            8,
            28,
            513,
            99,
            184,
            85,
            36,
            13,
            16
        ],
        [
            24,
            3,
            34,
            64,
            710,
            18,
            42,
            95,
            12,
            8
        ],
        [
            10,
            3,
            16,
            144,
            63,
            615,
            33,
            58,
            3,
            8
        ],
        [
            8,
            4,
            16,
            35,
            55,
            17,
            804,
            6,
            6,
            9
        ],
        [
            6,
            1,
            21,
            51,
            56,
            42,
            7,
            774,
            2,
            9
        ],
        [
            51,
            21,
            9,
            13,
            8,
            3,
            11,
            3,
            822,
            36
        ],
        [
            32,
            40,
            5,
            15,
            5,
            5,
            6,
            19,
            14,
            786
        ]
    ]
}