{
    "epoch": 6,
    "loss": 0.012382386233657599,
    "accuracy": 0.7264583333333333,
    "precision": 0.7313452157810829,
    "recall": 0.7279599863544999,
    "f1": 0.7266225468022116,
    "confusion_matrix": [
        [
            711,
            12,
            81,
            19,
            10,
            13,
            12,
            15,
            58,
            33
        ],
        [
            10,
            768,
            6,
            4,
            2,
            6,
            13,
            1,
            18,
            125
        ],
        [
            46,
            1,
            630,
            28,
            60,
            29,
            68,
            13,
            11,
            5
        ],
        [
            13,
            4,
            114,
            437,
            63,
            242,
            74,
            30,
            6,
            13
        ],
        [
            18,
            5,
            109,
            54,
            672,
            34,
            50,
            54,
            10,
            4
        ],
        [
            5,
            3,
            85,
            104,
            46,
            629,
            27,
            43,
            3,
            8
        ],
        [
            4,
            2,
            53,
            41,
            40,
            27,
            779,
            2,
            3,
            9
        ],
        [
            4,
            2,
            45,
            42,
            62,
            55,
            7,
            739,
            4,
            9
        ],
        [
            51,
            19,
            29,
            16,
            5,
            8,
            10,
            3,
            812,
            24
        ],
        [
            29,
            32,
            10,
            20,
            5,
            10,
            4,
            8,
            12,
            797
        ]
    ]
}