{
    "epoch": 2,
    "loss": 0.014306437795360883,
    "accuracy": 0.6882291666666667,
    "precision": 0.6942031886343879,
    "recall": 0.6881652900145412,
    "f1": 0.6883452016819199,
    "confusion_matrix": [
        [
            704,
            4,
            65,
            14,
            11,
            4,
            6,
            13,
            137,
            6
        ],
        [
            27,
            737,
            14,
            6,
            4,
            2,
            8,
            3,
            79,
            73
        ],
        [
            72,
            2,
            520,
            45,
            93,
            48,
            60,
            16,
            29,
            6
        ],
        [
            25,
            2,
            72,
            505,
            65,
            206,
            62,
            27,
            24,
            8
        ],
        [
            40,
            5,
            99,
            77,
            604,
            38,
            38,
            83,
            24,
            2
        ],
        [
            13,
            1,
            75,
            144,
            44,
            582,
            26,
            51,
            15,
            2
        ],
        [
            10,
            6,
            52,
            73,
            42,
            29,
            728,
            3,
            10,
            7
        ],
        [
            10,
            1,
            41,
            51,
            61,
            67,
            3,
            723,
            6,
            6
        ],
        [
            47,
            8,
            14,
            7,
            7,
            5,
            4,
            4,
            874,
            7
        ],
        [
            50,
            80,
            8,
            27,
            6,
            10,
            9,
            26,
            81,
            630
        ]
    ]
}