{
    "loss": 0.012187577784061432,
    "accuracy": 0.72775,
    "precision": 0.7266320771673567,
    "recall": 0.728329684871449,
    "f1": 0.7264831775623236,
    "confusion_matrix": [
        [
            874,
            18,
            75,
            18,
            22,
            11,
            12,
            22,
            74,
            47
        ],
        [
            26,
            1023,
            11,
            5,
            2,
            5,
            9,
            0,
            17,
            126
        ],
        [
            58,
            4,
            813,
            39,
            97,
            54,
            65,
            42,
            16,
            10
        ],
        [
            23,
            8,
            100,
            616,
            80,
            230,
            84,
            58,
            17,
            33
        ],
        [
            35,
            7,
            98,
            63,
            794,
            26,
            60,
            86,
            11,
            8
        ],
        [
            9,
            3,
            59,
            168,
            60,
            744,
            30,
            77,
            6,
            17
        ],
        [
            7,
            12,
            87,
            49,
            54,
            26,
            925,
            8,
            12,
            12
        ],
        [
            14,
            5,
            42,
            44,
            83,
            53,
            8,
            929,
            4,
            21
        ],
        [
            72,
            43,
            15,
            13,
            6,
            10,
            9,
            7,
            1006,
            40
        ],
        [
            24,
            77,
            11,
            13,
            4,
            4,
            9,
            16,
            12,
            1009
        ]
    ]
}