{
    "loss": 0.01364114835113287,
    "accuracy": 0.73625,
    "precision": 0.7398019903554067,
    "recall": 0.7373775720445689,
    "f1": 0.7365113587551904,
    "confusion_matrix": [
        [
            902,
            16,
            46,
            23,
            48,
            12,
            8,
            18,
            77,
            44
        ],
        [
            17,
            1026,
            7,
            10,
            13,
            3,
            13,
            4,
            27,
            88
        ],
        [
            63,
            7,
            735,
            59,
            149,
            73,
            66,
            34,
            16,
            5
        ],
        [
            23,
            3,
            77,
            626,
            99,
            266,
            67,
            50,
            18,
            17
        ],
        [
            13,
            1,
            41,
            50,
            881,
            55,
            27,
            68,
            6,
            5
        ],
        [
            8,
            4,
            55,
            154,
            65,
            832,
            17,
            59,
            9,
            10
        ],
        [
            7,
            6,
            57,
            83,
            91,
            50,
            910,
            9,
            9,
            7
        ],
        [
            13,
            5,
            30,
            48,
            95,
            59,
            8,
            883,
            2,
            12
        ],
        [
            53,
            28,
            7,
            11,
            17,
            7,
            3,
            5,
            1058,
            35
        ],
        [
            25,
            72,
            4,
            17,
            9,
            7,
            4,
            21,
            36,
            982
        ]
    ]
}