{
    "epoch": 1,
    "loss": 0.01575128398835659,
    "accuracy": 0.6403125,
    "precision": 0.6529125379974817,
    "recall": 0.6406802038023034,
    "f1": 0.6422210593794901,
    "confusion_matrix": [
        [
            696,
            14,
            60,
            37,
            15,
            9,
            3,
            34,
            100,
            21
        ],
        [
            37,
            695,
            5,
            25,
            4,
            7,
            8,
            11,
            29,
            151
        ],
        [
            71,
            8,
            463,
            95,
            91,
            89,
            33,
            52,
            19,
            4
        ],
        [
            20,
            4,
            65,
            511,
            41,
            191,
            34,
            42,
            23,
            16
        ],
        [
            39,
            2,
            115,
            100,
            499,
            68,
            25,
            160,
            9,
            5
        ],
        [
            11,
            0,
            57,
            190,
            24,
            564,
            13,
            63,
            6,
            4
        ],
        [
            7,
            6,
            77,
            129,
            79,
            48,
            575,
            20,
            9,
            11
        ],
        [
            11,
            1,
            27,
            70,
            34,
            68,
            1,
            729,
            6,
            8
        ],
        [
            81,
            52,
            17,
            18,
            8,
            5,
            2,
            5,
            727,
            19
        ],
        [
            47,
            73,
            5,
            35,
            1,
            12,
            11,
            51,
            40,
            688
        ]
    ]
}