{
    "epoch": 2,
    "loss": 0.013714754978815715,
    "accuracy": 0.6905208333333334,
    "precision": 0.6926723862549032,
    "recall": 0.6905286490860619,
    "f1": 0.6884124383681832,
    "confusion_matrix": [
        [
            792,
            14,
            30,
            18,
            11,
            12,
            1,
            18,
            57,
            36
        ],
        [
            31,
            801,
            8,
            7,
            2,
            4,
            3,
            4,
            15,
            97
        ],
        [
            101,
            5,
            549,
            49,
            61,
            61,
            34,
            43,
            13,
            9
        ],
        [
            37,
            7,
            89,
            461,
            50,
            163,
            54,
            48,
            18,
            20
        ],
        [
            51,
            3,
            131,
            59,
            533,
            32,
            38,
            155,
            13,
            7
        ],
        [
            19,
            3,
            61,
            152,
            35,
            564,
            12,
            70,
            6,
            10
        ],
        [
            15,
            15,
            98,
            62,
            48,
            31,
            659,
            9,
            9,
            15
        ],
        [
            13,
            2,
            26,
            39,
            37,
            46,
            3,
            769,
            2,
            18
        ],
        [
            107,
            37,
            10,
            8,
            3,
            2,
            0,
            3,
            737,
            27
        ],
        [
            37,
            91,
            4,
            11,
            2,
            4,
            4,
            23,
            23,
            764
        ]
    ]
}