{
    "epoch": 8,
    "loss": 0.01290962918040653,
    "accuracy": 0.7370833333333333,
    "precision": 0.7386680935558944,
    "recall": 0.7364370621870182,
    "f1": 0.7362636568622687,
    "confusion_matrix": [
        [
            764,
            9,
            54,
            22,
            21,
            9,
            6,
            9,
            68,
            27
        ],
        [
            26,
            815,
            6,
            9,
            5,
            2,
            14,
            2,
            29,
            64
        ],
        [
            55,
            4,
            577,
            52,
            83,
            44,
            75,
            12,
            15,
            8
        ],
        [
            18,
            4,
            56,
            546,
            63,
            109,
            101,
            21,
            22,
            7
        ],
        [
            28,
            2,
            62,
            53,
            704,
            26,
            78,
            58,
            10,
            1
        ],
        [
            8,
            1,
            47,
            183,
            44,
            572,
            38,
            30,
            6,
            3
        ],
        [
            7,
            1,
            33,
            42,
            21,
            19,
            823,
            6,
            5,
            4
        ],
        [
            10,
            1,
            23,
            45,
            72,
            49,
            15,
            727,
            3,
            10
        ],
        [
            74,
            25,
            7,
            8,
            8,
            1,
            6,
            1,
            786,
            18
        ],
        [
            26,
            76,
            6,
            20,
            8,
            10,
            13,
            12,
            30,
            762
        ]
    ]
}