{
    "epoch": 9,
    "loss": 0.013587425276637078,
    "accuracy": 0.7378125,
    "precision": 0.7404446164788846,
    "recall": 0.7366761158866701,
    "f1": 0.736849316546768,
    "confusion_matrix": [
        [
            753,
            14,
            39,
            14,
            35,
            17,
            4,
            17,
            54,
            42
        ],
        [
            23,
            816,
            3,
            12,
            6,
            6,
            2,
            4,
            26,
            74
        ],
        [
            51,
            2,
            549,
            59,
            128,
            59,
            35,
            21,
            12,
            9
        ],
        [
            24,
            3,
            49,
            480,
            75,
            189,
            47,
            44,
            20,
            16
        ],
        [
            21,
            0,
            36,
            51,
            784,
            31,
            30,
            61,
            6,
            2
        ],
        [
            10,
            3,
            35,
            133,
            45,
            639,
            12,
            46,
            5,
            4
        ],
        [
            6,
            6,
            31,
            49,
            67,
            39,
            740,
            7,
            5,
            11
        ],
        [
            5,
            2,
            18,
            25,
            74,
            55,
            5,
            761,
            2,
            8
        ],
        [
            60,
            30,
            11,
            14,
            12,
            2,
            1,
            1,
            772,
            31
        ],
        [
            16,
            76,
            5,
            12,
            8,
            15,
            4,
            15,
            23,
            789
        ]
    ]
}