{
    "epoch": 5,
    "loss": 0.012412033596386512,
    "accuracy": 0.7345833333333334,
    "precision": 0.7389233200973405,
    "recall": 0.7337276302885559,
    "f1": 0.733763841769071,
    "confusion_matrix": [
        [
            681,
            15,
            47,
            31,
            37,
            16,
            2,
            21,
            91,
            48
        ],
        [
            5,
            814,
            4,
            11,
            6,
            2,
            9,
            3,
            19,
            99
        ],
        [
            33,
            5,
            516,
            78,
            127,
            51,
            57,
            31,
            19,
            8
        ],
        [
            16,
            3,
            31,
            561,
            63,
            122,
            78,
            41,
            17,
            15
        ],
        [
            12,
            1,
            36,
            64,
            759,
            19,
            50,
            72,
            8,
            1
        ],
        [
            3,
            1,
            29,
            173,
            48,
            602,
            27,
            39,
            7,
            3
        ],
        [
            8,
            6,
            25,
            55,
            45,
            20,
            786,
            7,
            2,
            7
        ],
        [
            4,
            1,
            10,
            45,
            73,
            56,
            9,
            750,
            1,
            6
        ],
        [
            35,
            34,
            9,
            18,
            11,
            4,
            4,
            2,
            787,
            30
        ],
        [
            16,
            65,
            5,
            16,
            6,
            4,
            11,
            18,
            26,
            796
        ]
    ]
}