{
    "epoch": 3,
    "loss": 0.013002864848822356,
    "accuracy": 0.7135416666666666,
    "precision": 0.7140105051856873,
    "recall": 0.7128004495924358,
    "f1": 0.7098511007732692,
    "confusion_matrix": [
        [
            764,
            40,
            37,
            18,
            9,
            6,
            12,
            14,
            58,
            31
        ],
        [
            14,
            862,
            4,
            6,
            2,
            0,
            10,
            2,
            10,
            62
        ],
        [
            58,
            8,
            546,
            50,
            73,
            44,
            93,
            27,
            14,
            12
        ],
        [
            27,
            11,
            56,
            472,
            56,
            117,
            149,
            25,
            19,
            15
        ],
        [
            29,
            3,
            71,
            54,
            628,
            14,
            135,
            74,
            9,
            5
        ],
        [
            13,
            6,
            60,
            184,
            38,
            524,
            53,
            41,
            6,
            7
        ],
        [
            9,
            7,
            34,
            27,
            20,
            8,
            840,
            4,
            5,
            7
        ],
        [
            9,
            3,
            25,
            45,
            70,
            42,
            15,
            731,
            2,
            13
        ],
        [
            75,
            60,
            10,
            10,
            6,
            1,
            5,
            4,
            737,
            26
        ],
        [
            21,
            115,
            3,
            11,
            2,
            4,
            19,
            15,
            27,
            746
        ]
    ]
}