{
    "epoch": 0,
    "loss": 0.018175915870815514,
    "accuracy": 0.5780208333333333,
    "precision": 0.5774934037936543,
    "recall": 0.5770722615248716,
    "f1": 0.5693821266987072,
    "confusion_matrix": [
        [
            561,
            32,
            66,
            20,
            17,
            13,
            4,
            44,
            181,
            51
        ],
        [
            18,
            747,
            8,
            11,
            3,
            1,
            9,
            14,
            27,
            134
        ],
        [
            61,
            14,
            271,
            67,
            233,
            104,
            56,
            84,
            24,
            11
        ],
        [
            15,
            17,
            58,
            289,
            95,
            251,
            78,
            88,
            18,
            38
        ],
        [
            33,
            11,
            55,
            35,
            553,
            57,
            60,
            195,
            14,
            9
        ],
        [
            3,
            3,
            42,
            95,
            74,
            528,
            37,
            130,
            10,
            10
        ],
        [
            8,
            22,
            30,
            48,
            135,
            46,
            598,
            35,
            7,
            32
        ],
        [
            10,
            8,
            15,
            27,
            56,
            89,
            6,
            718,
            2,
            24
        ],
        [
            66,
            77,
            17,
            15,
            11,
            8,
            1,
            9,
            675,
            55
        ],
        [
            25,
            193,
            1,
            19,
            1,
            8,
            13,
            51,
            43,
            609
        ]
    ]
}