{
    "epoch": 4,
    "loss": 0.012426095561434826,
    "accuracy": 0.7242708333333333,
    "precision": 0.7241498665521531,
    "recall": 0.7240308217306001,
    "f1": 0.7219459536536414,
    "confusion_matrix": [
        [
            727,
            24,
            44,
            11,
            10,
            10,
            2,
            10,
            93,
            58
        ],
        [
            9,
            831,
            6,
            5,
            3,
            5,
            3,
            2,
            20,
            88
        ],
        [
            60,
            7,
            581,
            46,
            78,
            66,
            38,
            19,
            12,
            18
        ],
        [
            30,
            7,
            68,
            425,
            48,
            236,
            59,
            27,
            23,
            24
        ],
        [
            32,
            2,
            82,
            56,
            675,
            49,
            35,
            73,
            13,
            5
        ],
        [
            13,
            1,
            52,
            109,
            29,
            671,
            12,
            32,
            5,
            8
        ],
        [
            13,
            8,
            69,
            52,
            35,
            39,
            726,
            3,
            4,
            12
        ],
        [
            12,
            1,
            27,
            34,
            70,
            68,
            2,
            709,
            5,
            27
        ],
        [
            50,
            31,
            13,
            8,
            3,
            3,
            2,
            1,
            785,
            38
        ],
        [
            17,
            66,
            6,
            8,
            4,
            5,
            7,
            5,
            22,
            823
        ]
    ]
}