{
    "epoch": 7,
    "loss": 0.012653783255567153,
    "accuracy": 0.7401041666666667,
    "precision": 0.741868162668045,
    "recall": 0.7397793450233421,
    "f1": 0.7400964732469528,
    "confusion_matrix": [
        [
            761,
            11,
            40,
            18,
            18,
            10,
            6,
            9,
            88,
            28
        ],
        [
            18,
            834,
            6,
            10,
            1,
            5,
            5,
            2,
            37,
            54
        ],
        [
            61,
            1,
            580,
            73,
            84,
            41,
            42,
            21,
            14,
            8
        ],
        [
            21,
            2,
            58,
            564,
            52,
            127,
            57,
            31,
            25,
            10
        ],
        [
            26,
            0,
            77,
            66,
            687,
            30,
            52,
            69,
            14,
            1
        ],
        [
            10,
            1,
            42,
            187,
            29,
            604,
            17,
            32,
            8,
            2
        ],
        [
            10,
            7,
            44,
            65,
            34,
            12,
            768,
            6,
            7,
            8
        ],
        [
            12,
            1,
            21,
            49,
            49,
            63,
            7,
            741,
            4,
            8
        ],
        [
            48,
            27,
            9,
            10,
            5,
            2,
            1,
            4,
            812,
            16
        ],
        [
            26,
            79,
            10,
            22,
            5,
            8,
            7,
            11,
            41,
            754
        ]
    ]
}