{
    "epoch": 6,
    "loss": 0.013019041226555905,
    "accuracy": 0.7269791666666666,
    "precision": 0.7343451529806838,
    "recall": 0.7263401065165473,
    "f1": 0.7247284178238453,
    "confusion_matrix": [
        [
            680,
            19,
            39,
            24,
            16,
            20,
            4,
            29,
            112,
            46
        ],
        [
            6,
            809,
            2,
            15,
            3,
            3,
            4,
            2,
            26,
            102
        ],
        [
            43,
            4,
            443,
            78,
            131,
            106,
            59,
            36,
            14,
            11
        ],
        [
            11,
            7,
            28,
            505,
            60,
            220,
            45,
            32,
            23,
            16
        ],
        [
            19,
            1,
            24,
            53,
            728,
            58,
            34,
            91,
            10,
            4
        ],
        [
            4,
            4,
            19,
            117,
            37,
            697,
            11,
            36,
            4,
            3
        ],
        [
            5,
            11,
            20,
            76,
            48,
            43,
            732,
            11,
            5,
            10
        ],
        [
            2,
            2,
            5,
            32,
            56,
            81,
            1,
            764,
            2,
            10
        ],
        [
            22,
            27,
            8,
            13,
            8,
            3,
            1,
            3,
            812,
            37
        ],
        [
            14,
            60,
            7,
            18,
            4,
            6,
            3,
            17,
            25,
            809
        ]
    ]
}