{
    "loss": 0.012853160192569097,
    "accuracy": 0.7156666666666667,
    "precision": 0.7200498124194744,
    "recall": 0.7161676251663608,
    "f1": 0.7171220547217579,
    "confusion_matrix": [
        [
            902,
            12,
            65,
            26,
            31,
            12,
            13,
            22,
            70,
            41
        ],
        [
            26,
            895,
            7,
            16,
            11,
            9,
            14,
            0,
            19,
            173
        ],
        [
            66,
            8,
            709,
            84,
            118,
            82,
            90,
            37,
            13,
            10
        ],
        [
            21,
            7,
            74,
            663,
            75,
            219,
            91,
            40,
            14,
            17
        ],
        [
            32,
            4,
            86,
            75,
            787,
            40,
            47,
            81,
            9,
            1
        ],
        [
            10,
            2,
            36,
            197,
            63,
            794,
            29,
            60,
            6,
            10
        ],
        [
            10,
            1,
            57,
            91,
            45,
            21,
            961,
            4,
            6,
            7
        ],
        [
            7,
            0,
            32,
            67,
            91,
            77,
            5,
            961,
            1,
            15
        ],
        [
            90,
            36,
            21,
            23,
            9,
            11,
            10,
            7,
            934,
            29
        ],
        [
            43,
            51,
            5,
            29,
            6,
            17,
            16,
            28,
            23,
            982
        ]
    ]
}