{
    "epoch": 8,
    "loss": 0.012657922968889276,
    "accuracy": 0.7382291666666667,
    "precision": 0.736975721738488,
    "recall": 0.7359954529518733,
    "f1": 0.7342442866561869,
    "confusion_matrix": [
        [
            746,
            29,
            30,
            17,
            8,
            17,
            4,
            4,
            60,
            40
        ],
        [
            9,
            909,
            4,
            5,
            3,
            1,
            7,
            0,
            12,
            66
        ],
        [
            48,
            9,
            577,
            40,
            82,
            60,
            57,
            11,
            8,
            13
        ],
        [
            28,
            11,
            57,
            421,
            42,
            252,
            62,
            23,
            8,
            24
        ],
        [
            27,
            5,
            59,
            39,
            679,
            34,
            58,
            48,
            7,
            11
        ],
        [
            8,
            1,
            45,
            109,
            51,
            675,
            38,
            30,
            8,
            13
        ],
        [
            11,
            10,
            37,
            32,
            24,
            20,
            801,
            7,
            6,
            15
        ],
        [
            20,
            5,
            36,
            29,
            59,
            80,
            9,
            709,
            1,
            26
        ],
        [
            46,
            53,
            12,
            10,
            4,
            2,
            4,
            4,
            780,
            26
        ],
        [
            17,
            111,
            11,
            11,
            1,
            5,
            4,
            7,
            16,
            790
        ]
    ]
}