{
    "epoch": 3,
    "loss": 0.013175657304624716,
    "accuracy": 0.7063541666666666,
    "precision": 0.706667912901758,
    "recall": 0.7051383495625557,
    "f1": 0.7023364271603948,
    "confusion_matrix": [
        [
            729,
            11,
            63,
            9,
            17,
            5,
            6,
            18,
            77,
            20
        ],
        [
            29,
            837,
            10,
            9,
            8,
            0,
            5,
            1,
            49,
            68
        ],
        [
            52,
            3,
            603,
            33,
            89,
            32,
            41,
            24,
            22,
            6
        ],
        [
            26,
            4,
            99,
            418,
            64,
            138,
            104,
            42,
            22,
            11
        ],
        [
            22,
            2,
            90,
            36,
            677,
            15,
            41,
            68,
            15,
            1
        ],
        [
            10,
            4,
            98,
            162,
            62,
            520,
            44,
            56,
            21,
            1
        ],
        [
            3,
            6,
            79,
            29,
            49,
            13,
            763,
            6,
            10,
            5
        ],
        [
            12,
            3,
            51,
            24,
            76,
            37,
            9,
            752,
            5,
            5
        ],
        [
            56,
            24,
            19,
            6,
            4,
            1,
            6,
            6,
            806,
            13
        ],
        [
            55,
            114,
            19,
            11,
            5,
            6,
            15,
            27,
            45,
            676
        ]
    ]
}