{
    "epoch": 1,
    "loss": 0.01556086737041672,
    "accuracy": 0.6479166666666667,
    "precision": 0.6597369986556978,
    "recall": 0.6475328441073465,
    "f1": 0.6491251868390231,
    "confusion_matrix": [
        [
            618,
            9,
            71,
            35,
            14,
            18,
            16,
            16,
            123,
            35
        ],
        [
            40,
            625,
            5,
            20,
            12,
            7,
            18,
            14,
            67,
            208
        ],
        [
            48,
            1,
            517,
            85,
            79,
            61,
            73,
            17,
            16,
            8
        ],
        [
            21,
            1,
            80,
            469,
            37,
            207,
            59,
            28,
            13,
            13
        ],
        [
            19,
            0,
            147,
            72,
            523,
            50,
            60,
            77,
            15,
            4
        ],
        [
            10,
            0,
            85,
            209,
            36,
            556,
            25,
            43,
            8,
            6
        ],
        [
            5,
            1,
            51,
            81,
            44,
            27,
            736,
            6,
            4,
            8
        ],
        [
            14,
            1,
            50,
            78,
            74,
            64,
            7,
            673,
            4,
            9
        ],
        [
            57,
            15,
            19,
            23,
            3,
            9,
            11,
            3,
            775,
            26
        ],
        [
            47,
            39,
            16,
            42,
            2,
            15,
            20,
            17,
            47,
            728
        ]
    ]
}