{
    "epoch": 4,
    "loss": 0.013109204042702913,
    "accuracy": 0.7108333333333333,
    "precision": 0.7093202415075538,
    "recall": 0.7092662343178783,
    "f1": 0.7049400845763047,
    "confusion_matrix": [
        [
            716,
            22,
            29,
            8,
            13,
            6,
            6,
            5,
            125,
            25
        ],
        [
            15,
            891,
            3,
            2,
            3,
            1,
            2,
            0,
            48,
            51
        ],
        [
            76,
            15,
            561,
            31,
            94,
            33,
            48,
            15,
            27,
            5
        ],
        [
            35,
            17,
            82,
            438,
            60,
            126,
            94,
            23,
            32,
            21
        ],
        [
            34,
            7,
            73,
            29,
            692,
            13,
            53,
            41,
            23,
            2
        ],
        [
            17,
            8,
            71,
            192,
            56,
            509,
            51,
            39,
            25,
            10
        ],
        [
            10,
            10,
            58,
            22,
            36,
            13,
            782,
            3,
            19,
            10
        ],
        [
            34,
            14,
            49,
            25,
            85,
            51,
            12,
            682,
            7,
            15
        ],
        [
            38,
            27,
            7,
            3,
            2,
            2,
            4,
            2,
            849,
            7
        ],
        [
            39,
            129,
            9,
            9,
            2,
            5,
            9,
            7,
            60,
            704
        ]
    ]
}