{
    "epoch": 6,
    "loss": 0.012286233184859156,
    "accuracy": 0.7334375,
    "precision": 0.7319518096056608,
    "recall": 0.7317778785442862,
    "f1": 0.7301116268238698,
    "confusion_matrix": [
        [
            722,
            17,
            65,
            18,
            13,
            10,
            7,
            8,
            66,
            29
        ],
        [
            19,
            895,
            4,
            3,
            3,
            1,
            4,
            4,
            26,
            57
        ],
        [
            45,
            8,
            642,
            35,
            70,
            33,
            30,
            21,
            12,
            9
        ],
        [
            24,
            7,
            83,
            423,
            43,
            219,
            49,
            53,
            11,
            16
        ],
        [
            25,
            1,
            85,
            39,
            650,
            28,
            35,
            89,
            9,
            6
        ],
        [
            9,
            1,
            59,
            121,
            44,
            639,
            22,
            63,
            10,
            10
        ],
        [
            10,
            5,
            68,
            34,
            41,
            27,
            753,
            10,
            5,
            10
        ],
        [
            14,
            2,
            43,
            26,
            47,
            51,
            2,
            779,
            2,
            8
        ],
        [
            55,
            30,
            29,
            6,
            5,
            1,
            5,
            4,
            792,
            14
        ],
        [
            45,
            99,
            14,
            19,
            1,
            4,
            4,
            15,
            26,
            746
        ]
    ]
}