{
    "epoch": 2,
    "loss": 0.013965114013602337,
    "accuracy": 0.6911458333333333,
    "precision": 0.6890231086006225,
    "recall": 0.6892291195555379,
    "f1": 0.6868452023907557,
    "confusion_matrix": [
        [
            682,
            26,
            45,
            19,
            8,
            16,
            10,
            11,
            107,
            31
        ],
        [
            16,
            890,
            5,
            6,
            3,
            2,
            4,
            4,
            31,
            55
        ],
        [
            68,
            10,
            562,
            52,
            59,
            60,
            40,
            25,
            23,
            6
        ],
        [
            19,
            11,
            71,
            399,
            49,
            224,
            81,
            36,
            19,
            19
        ],
        [
            30,
            8,
            125,
            41,
            571,
            36,
            45,
            89,
            18,
            4
        ],
        [
            10,
            6,
            66,
            140,
            44,
            614,
            27,
            46,
            16,
            9
        ],
        [
            7,
            12,
            66,
            41,
            48,
            25,
            739,
            3,
            10,
            12
        ],
        [
            15,
            3,
            40,
            45,
            49,
            74,
            10,
            725,
            4,
            9
        ],
        [
            48,
            34,
            13,
            7,
            2,
            8,
            7,
            2,
            797,
            23
        ],
        [
            38,
            180,
            13,
            20,
            0,
            9,
            12,
            16,
            29,
            656
        ]
    ]
}