{
    "epoch": 7,
    "loss": 0.011980722214405735,
    "accuracy": 0.7454166666666666,
    "precision": 0.7432867462565892,
    "recall": 0.7432430959044862,
    "f1": 0.741440495377848,
    "confusion_matrix": [
        [
            790,
            12,
            22,
            13,
            14,
            12,
            8,
            16,
            34,
            34
        ],
        [
            15,
            876,
            5,
            5,
            6,
            3,
            5,
            4,
            15,
            82
        ],
        [
            72,
            12,
            547,
            39,
            82,
            53,
            65,
            21,
            6,
            8
        ],
        [
            32,
            6,
            47,
            448,
            53,
            199,
            66,
            53,
            10,
            14
        ],
        [
            26,
            2,
            38,
            35,
            712,
            27,
            46,
            70,
            7,
            4
        ],
        [
            11,
            2,
            33,
            135,
            47,
            641,
            41,
            59,
            5,
            4
        ],
        [
            9,
            4,
            29,
            32,
            33,
            23,
            811,
            9,
            8,
            5
        ],
        [
            13,
            3,
            16,
            29,
            60,
            63,
            6,
            781,
            1,
            2
        ],
        [
            70,
            32,
            9,
            7,
            7,
            2,
            9,
            5,
            775,
            25
        ],
        [
            44,
            75,
            11,
            19,
            2,
            4,
            5,
            23,
            15,
            775
        ]
    ]
}