{
    "loss": 0.01328746972233057,
    "accuracy": 0.73725,
    "precision": 0.7418146951655984,
    "recall": 0.7378815992020881,
    "f1": 0.737543718615485,
    "confusion_matrix": [
        [
            920,
            24,
            71,
            19,
            27,
            3,
            5,
            11,
            111,
            35
        ],
        [
            13,
            1071,
            6,
            10,
            2,
            3,
            18,
            2,
            29,
            61
        ],
        [
            88,
            3,
            815,
            72,
            88,
            34,
            89,
            26,
            19,
            3
        ],
        [
            28,
            5,
            83,
            772,
            51,
            136,
            117,
            25,
            22,
            14
        ],
        [
            28,
            0,
            94,
            84,
            758,
            18,
            90,
            54,
            15,
            3
        ],
        [
            6,
            4,
            79,
            258,
            47,
            680,
            61,
            45,
            9,
            6
        ],
        [
            12,
            8,
            39,
            70,
            40,
            10,
            998,
            1,
            7,
            5
        ],
        [
            17,
            1,
            43,
            81,
            98,
            51,
            7,
            858,
            16,
            6
        ],
        [
            51,
            30,
            6,
            12,
            9,
            6,
            10,
            3,
            1026,
            14
        ],
        [
            28,
            111,
            8,
            27,
            1,
            10,
            15,
            11,
            35,
            949
        ]
    ]
}