{
    "epoch": 5,
    "loss": 0.012992393784224987,
    "accuracy": 0.718125,
    "precision": 0.7267131771987427,
    "recall": 0.7170172350638792,
    "f1": 0.7185447008803706,
    "confusion_matrix": [
        [
            646,
            13,
            96,
            35,
            16,
            15,
            6,
            6,
            88,
            34
        ],
        [
            15,
            839,
            7,
            14,
            5,
            2,
            14,
            3,
            51,
            66
        ],
        [
            28,
            2,
            624,
            54,
            48,
            57,
            57,
            14,
            11,
            10
        ],
        [
            9,
            3,
            74,
            485,
            24,
            234,
            64,
            23,
            5,
            7
        ],
        [
            9,
            1,
            93,
            63,
            603,
            59,
            61,
            64,
            10,
            4
        ],
        [
            6,
            0,
            55,
            153,
            31,
            661,
            38,
            27,
            2,
            5
        ],
        [
            4,
            3,
            50,
            48,
            14,
            38,
            798,
            3,
            3,
            2
        ],
        [
            11,
            4,
            49,
            43,
            52,
            90,
            12,
            703,
            1,
            9
        ],
        [
            39,
            14,
            27,
            25,
            3,
            2,
            7,
            2,
            811,
            11
        ],
        [
            28,
            94,
            17,
            30,
            1,
            9,
            17,
            7,
            46,
            724
        ]
    ]
}