{
    "epoch": 0,
    "loss": 0.018123157893617948,
    "accuracy": 0.5769791666666667,
    "precision": 0.5845331178720417,
    "recall": 0.5748258073433428,
    "f1": 0.5688127670865695,
    "confusion_matrix": [
        [
            620,
            20,
            51,
            26,
            15,
            18,
            30,
            10,
            117,
            48
        ],
        [
            43,
            674,
            6,
            10,
            8,
            6,
            48,
            10,
            52,
            159
        ],
        [
            85,
            7,
            407,
            63,
            76,
            108,
            110,
            16,
            24,
            9
        ],
        [
            32,
            3,
            78,
            245,
            28,
            358,
            128,
            29,
            12,
            15
        ],
        [
            46,
            4,
            195,
            26,
            331,
            129,
            142,
            73,
            14,
            7
        ],
        [
            24,
            3,
            62,
            90,
            26,
            658,
            66,
            30,
            12,
            7
        ],
        [
            6,
            4,
            54,
            29,
            29,
            51,
            769,
            10,
            5,
            6
        ],
        [
            26,
            2,
            51,
            41,
            70,
            165,
            38,
            569,
            2,
            10
        ],
        [
            113,
            47,
            16,
            22,
            6,
            7,
            26,
            3,
            657,
            44
        ],
        [
            60,
            136,
            13,
            24,
            1,
            14,
            56,
            23,
            37,
            609
        ]
    ]
}