{
    "epoch": 9,
    "loss": 0.013520286126683156,
    "accuracy": 0.73375,
    "precision": 0.7375497458148998,
    "recall": 0.732820529611443,
    "f1": 0.7322361055204195,
    "confusion_matrix": [
        [
            725,
            19,
            50,
            18,
            13,
            6,
            6,
            9,
            78,
            31
        ],
        [
            19,
            881,
            7,
            7,
            4,
            2,
            6,
            2,
            26,
            62
        ],
        [
            47,
            5,
            607,
            64,
            53,
            27,
            73,
            9,
            15,
            5
        ],
        [
            27,
            5,
            62,
            567,
            38,
            115,
            70,
            26,
            11,
            7
        ],
        [
            24,
            1,
            71,
            64,
            661,
            17,
            70,
            41,
            13,
            5
        ],
        [
            11,
            1,
            52,
            260,
            44,
            511,
            50,
            36,
            11,
            2
        ],
        [
            13,
            6,
            37,
            50,
            16,
            13,
            812,
            5,
            6,
            5
        ],
        [
            17,
            3,
            39,
            64,
            68,
            39,
            15,
            721,
            2,
            6
        ],
        [
            39,
            26,
            11,
            14,
            5,
            1,
            7,
            5,
            814,
            19
        ],
        [
            34,
            93,
            12,
            23,
            4,
            1,
            12,
            10,
            39,
            745
        ]
    ]
}