{
    "epoch": 5,
    "loss": 0.012203058265149593,
    "accuracy": 0.7292708333333333,
    "precision": 0.732916179341687,
    "recall": 0.7297420846798044,
    "f1": 0.7299337983093728,
    "confusion_matrix": [
        [
            788,
            15,
            38,
            24,
            4,
            11,
            3,
            14,
            72,
            34
        ],
        [
            18,
            819,
            2,
            5,
            2,
            3,
            3,
            1,
            21,
            68
        ],
        [
            91,
            9,
            578,
            72,
            58,
            53,
            35,
            20,
            23,
            15
        ],
        [
            23,
            11,
            71,
            545,
            31,
            180,
            32,
            36,
            24,
            19
        ],
        [
            37,
            5,
            97,
            98,
            596,
            43,
            24,
            58,
            9,
            0
        ],
        [
            12,
            4,
            50,
            158,
            24,
            649,
            8,
            37,
            7,
            14
        ],
        [
            8,
            13,
            64,
            76,
            36,
            23,
            700,
            3,
            12,
            13
        ],
        [
            16,
            3,
            39,
            46,
            58,
            46,
            3,
            717,
            7,
            11
        ],
        [
            46,
            40,
            6,
            10,
            2,
            4,
            2,
            3,
            823,
            18
        ],
        [
            20,
            83,
            11,
            9,
            0,
            7,
            5,
            8,
            22,
            786
        ]
    ]
}