{
    "epoch": 3,
    "loss": 0.013177274301027258,
    "accuracy": 0.7073958333333333,
    "precision": 0.7156948926733436,
    "recall": 0.7076326618041312,
    "f1": 0.7082445355890175,
    "confusion_matrix": [
        [
            803,
            10,
            38,
            24,
            14,
            3,
            8,
            11,
            65,
            27
        ],
        [
            35,
            751,
            7,
            19,
            5,
            1,
            17,
            5,
            34,
            68
        ],
        [
            94,
            3,
            544,
            75,
            80,
            34,
            78,
            21,
            23,
            2
        ],
        [
            26,
            2,
            84,
            575,
            51,
            99,
            95,
            14,
            20,
            6
        ],
        [
            45,
            2,
            95,
            75,
            622,
            15,
            53,
            51,
            8,
            1
        ],
        [
            17,
            0,
            59,
            253,
            62,
            491,
            35,
            41,
            4,
            1
        ],
        [
            3,
            8,
            49,
            56,
            37,
            8,
            779,
            2,
            5,
            1
        ],
        [
            11,
            1,
            33,
            57,
            94,
            36,
            8,
            694,
            7,
            5
        ],
        [
            74,
            18,
            4,
            14,
            8,
            1,
            3,
            2,
            810,
            20
        ],
        [
            34,
            68,
            12,
            29,
            7,
            6,
            16,
            25,
            32,
            722
        ]
    ]
}