{
    "epoch": 4,
    "loss": 0.013005527531107267,
    "accuracy": 0.7147916666666667,
    "precision": 0.7254252442024879,
    "recall": 0.7152061850704345,
    "f1": 0.7158654607274954,
    "confusion_matrix": [
        [
            802,
            13,
            67,
            29,
            13,
            11,
            2,
            21,
            35,
            10
        ],
        [
            34,
            811,
            11,
            7,
            4,
            12,
            14,
            4,
            13,
            32
        ],
        [
            70,
            2,
            605,
            51,
            80,
            64,
            37,
            36,
            6,
            3
        ],
        [
            22,
            5,
            96,
            473,
            38,
            225,
            62,
            46,
            4,
            1
        ],
        [
            26,
            2,
            102,
            62,
            584,
            52,
            29,
            108,
            2,
            0
        ],
        [
            8,
            0,
            44,
            108,
            35,
            707,
            14,
            45,
            1,
            1
        ],
        [
            5,
            8,
            68,
            65,
            40,
            34,
            719,
            7,
            1,
            1
        ],
        [
            5,
            0,
            36,
            29,
            31,
            62,
            1,
            777,
            5,
            0
        ],
        [
            83,
            40,
            21,
            22,
            9,
            7,
            5,
            9,
            746,
            12
        ],
        [
            43,
            127,
            18,
            22,
            2,
            18,
            16,
            48,
            19,
            638
        ]
    ]
}