{
    "epoch": 8,
    "loss": 0.012859142326439421,
    "accuracy": 0.7369791666666666,
    "precision": 0.7403475638131418,
    "recall": 0.737429326740906,
    "f1": 0.7349362474420585,
    "confusion_matrix": [
        [
            803,
            18,
            22,
            26,
            17,
            10,
            1,
            12,
            61,
            33
        ],
        [
            22,
            826,
            3,
            3,
            2,
            7,
            3,
            0,
            13,
            63
        ],
        [
            106,
            6,
            485,
            53,
            92,
            87,
            66,
            28,
            17,
            14
        ],
        [
            27,
            10,
            39,
            473,
            44,
            265,
            46,
            32,
            20,
            16
        ],
        [
            26,
            7,
            46,
            64,
            659,
            61,
            29,
            67,
            4,
            4
        ],
        [
            7,
            5,
            25,
            97,
            31,
            742,
            13,
            33,
            4,
            6
        ],
        [
            6,
            11,
            28,
            56,
            33,
            44,
            753,
            5,
            7,
            5
        ],
        [
            4,
            6,
            19,
            35,
            60,
            84,
            2,
            715,
            4,
            17
        ],
        [
            51,
            34,
            4,
            7,
            3,
            7,
            2,
            4,
            819,
            23
        ],
        [
            14,
            64,
            6,
            11,
            5,
            11,
            9,
            5,
            26,
            800
        ]
    ]
}