{
    "epoch": 6,
    "loss": 0.0121676228971531,
    "accuracy": 0.7363541666666666,
    "precision": 0.7391971357003984,
    "recall": 0.7366646287301547,
    "f1": 0.7372278416140781,
    "confusion_matrix": [
        [
            808,
            14,
            32,
            22,
            17,
            8,
            0,
            23,
            58,
            21
        ],
        [
            33,
            776,
            7,
            4,
            4,
            6,
            4,
            3,
            33,
            72
        ],
        [
            92,
            2,
            571,
            73,
            73,
            56,
            41,
            23,
            15,
            8
        ],
        [
            31,
            9,
            70,
            556,
            40,
            155,
            45,
            31,
            22,
            13
        ],
        [
            36,
            3,
            79,
            65,
            632,
            44,
            35,
            68,
            4,
            1
        ],
        [
            12,
            1,
            39,
            151,
            27,
            662,
            13,
            46,
            4,
            8
        ],
        [
            7,
            10,
            55,
            82,
            39,
            15,
            725,
            4,
            5,
            6
        ],
        [
            8,
            0,
            40,
            49,
            53,
            38,
            2,
            746,
            4,
            6
        ],
        [
            72,
            25,
            5,
            7,
            5,
            3,
            1,
            6,
            816,
            14
        ],
        [
            29,
            62,
            10,
            16,
            0,
            8,
            6,
            14,
            29,
            777
        ]
    ]
}