{
    "epoch": 0,
    "loss": 0.01833273406450947,
    "accuracy": 0.5770833333333333,
    "precision": 0.5830887021392984,
    "recall": 0.5776805334641577,
    "f1": 0.5703165090256457,
    "confusion_matrix": [
        [
            688,
            34,
            70,
            31,
            7,
            14,
            21,
            20,
            65,
            53
        ],
        [
            41,
            646,
            4,
            9,
            3,
            4,
            19,
            7,
            25,
            184
        ],
        [
            107,
            14,
            394,
            81,
            56,
            123,
            116,
            37,
            11,
            15
        ],
        [
            26,
            16,
            73,
            322,
            28,
            288,
            129,
            44,
            9,
            37
        ],
        [
            59,
            14,
            157,
            67,
            302,
            97,
            146,
            115,
            1,
            9
        ],
        [
            12,
            8,
            64,
            123,
            30,
            594,
            55,
            62,
            5,
            10
        ],
        [
            8,
            19,
            47,
            58,
            29,
            37,
            727,
            5,
            5,
            13
        ],
        [
            16,
            7,
            23,
            41,
            57,
            126,
            27,
            622,
            2,
            25
        ],
        [
            165,
            78,
            21,
            15,
            1,
            13,
            8,
            11,
            558,
            84
        ],
        [
            28,
            127,
            5,
            11,
            2,
            12,
            37,
            27,
            15,
            687
        ]
    ]
}