{
    "epoch": 2,
    "loss": 0.014460144309947888,
    "accuracy": 0.6739583333333333,
    "precision": 0.6837643780527543,
    "recall": 0.6745825367245403,
    "f1": 0.6698828629227741,
    "confusion_matrix": [
        [
            772,
            25,
            40,
            14,
            4,
            17,
            4,
            6,
            82,
            39
        ],
        [
            22,
            791,
            4,
            1,
            1,
            5,
            4,
            2,
            26,
            86
        ],
        [
            106,
            20,
            511,
            50,
            52,
            105,
            49,
            19,
            25,
            17
        ],
        [
            37,
            26,
            72,
            358,
            24,
            329,
            57,
            18,
            23,
            28
        ],
        [
            68,
            21,
            115,
            72,
            424,
            125,
            52,
            66,
            12,
            12
        ],
        [
            23,
            7,
            40,
            87,
            20,
            730,
            12,
            24,
            5,
            15
        ],
        [
            9,
            24,
            51,
            67,
            19,
            65,
            684,
            2,
            7,
            20
        ],
        [
            23,
            4,
            37,
            35,
            34,
            108,
            4,
            660,
            7,
            34
        ],
        [
            74,
            40,
            7,
            8,
            2,
            9,
            1,
            2,
            780,
            31
        ],
        [
            29,
            98,
            5,
            13,
            1,
            13,
            5,
            6,
            21,
            760
        ]
    ]
}