{
    "loss": 0.013959090831379096,
    "accuracy": 0.7359166666666667,
    "precision": 0.7416993118700794,
    "recall": 0.7356162393280522,
    "f1": 0.7355517052237381,
    "confusion_matrix": [
        [
            1003,
            11,
            35,
            19,
            9,
            10,
            10,
            11,
            54,
            26
        ],
        [
            41,
            1012,
            7,
            12,
            3,
            5,
            6,
            2,
            37,
            86
        ],
        [
            110,
            7,
            720,
            103,
            65,
            101,
            55,
            30,
            20,
            17
        ],
        [
            52,
            4,
            38,
            666,
            36,
            235,
            45,
            58,
            12,
            18
        ],
        [
            54,
            4,
            81,
            100,
            723,
            71,
            48,
            108,
            10,
            5
        ],
        [
            27,
            2,
            38,
            173,
            31,
            804,
            13,
            70,
            6,
            16
        ],
        [
            15,
            4,
            57,
            107,
            37,
            47,
            902,
            10,
            9,
            14
        ],
        [
            31,
            3,
            34,
            43,
            42,
            76,
            1,
            994,
            3,
            10
        ],
        [
            82,
            21,
            7,
            12,
            4,
            3,
            6,
            12,
            1038,
            20
        ],
        [
            56,
            62,
            4,
            23,
            5,
            9,
            2,
            27,
            24,
            969
        ]
    ]
}