{
    "epoch": 9,
    "loss": 0.013736549544458588,
    "accuracy": 0.7320833333333333,
    "precision": 0.7385069411073383,
    "recall": 0.7321839159413839,
    "f1": 0.7326479143426805,
    "confusion_matrix": [
        [
            859,
            2,
            23,
            20,
            8,
            7,
            2,
            13,
            50,
            19
        ],
        [
            39,
            762,
            4,
            7,
            4,
            3,
            3,
            2,
            36,
            82
        ],
        [
            111,
            4,
            539,
            90,
            49,
            60,
            41,
            33,
            15,
            12
        ],
        [
            45,
            6,
            49,
            553,
            25,
            188,
            45,
            38,
            12,
            11
        ],
        [
            43,
            4,
            91,
            87,
            579,
            52,
            31,
            69,
            7,
            4
        ],
        [
            16,
            2,
            40,
            149,
            25,
            659,
            15,
            49,
            2,
            6
        ],
        [
            13,
            10,
            49,
            78,
            28,
            29,
            727,
            3,
            6,
            5
        ],
        [
            19,
            1,
            30,
            40,
            43,
            44,
            1,
            757,
            4,
            7
        ],
        [
            80,
            17,
            4,
            9,
            4,
            4,
            0,
            7,
            809,
            20
        ],
        [
            32,
            47,
            9,
            21,
            4,
            6,
            7,
            14,
            27,
            784
        ]
    ]
}