{
    "epoch": 7,
    "loss": 0.013119462442894777,
    "accuracy": 0.72875,
    "precision": 0.7399619936221138,
    "recall": 0.7294688292682321,
    "f1": 0.731167747050666,
    "confusion_matrix": [
        [
            746,
            7,
            72,
            29,
            20,
            11,
            15,
            9,
            63,
            31
        ],
        [
            15,
            785,
            15,
            9,
            4,
            5,
            22,
            0,
            22,
            65
        ],
        [
            54,
            2,
            657,
            49,
            51,
            43,
            74,
            7,
            13,
            4
        ],
        [
            16,
            2,
            127,
            495,
            35,
            169,
            103,
            11,
            12,
            2
        ],
        [
            16,
            1,
            130,
            62,
            611,
            37,
            73,
            32,
            4,
            1
        ],
        [
            7,
            1,
            76,
            128,
            27,
            652,
            40,
            26,
            2,
            4
        ],
        [
            3,
            2,
            65,
            30,
            20,
            11,
            813,
            0,
            3,
            1
        ],
        [
            8,
            0,
            56,
            59,
            92,
            62,
            11,
            651,
            4,
            3
        ],
        [
            39,
            19,
            13,
            23,
            8,
            3,
            8,
            1,
            825,
            15
        ],
        [
            17,
            58,
            15,
            31,
            8,
            10,
            17,
            8,
            26,
            761
        ]
    ]
}