{
    "epoch": 1,
    "loss": 0.015926659312099217,
    "accuracy": 0.6404166666666666,
    "precision": 0.664187104631459,
    "recall": 0.6410666185687869,
    "f1": 0.6404965446880924,
    "confusion_matrix": [
        [
            678,
            14,
            90,
            27,
            10,
            8,
            19,
            9,
            126,
            22
        ],
        [
            27,
            659,
            5,
            14,
            4,
            1,
            25,
            2,
            72,
            133
        ],
        [
            66,
            3,
            565,
            81,
            65,
            25,
            100,
            14,
            29,
            6
        ],
        [
            26,
            10,
            121,
            525,
            48,
            58,
            138,
            12,
            26,
            8
        ],
        [
            42,
            5,
            151,
            97,
            489,
            11,
            120,
            42,
            10,
            0
        ],
        [
            9,
            1,
            96,
            359,
            51,
            354,
            54,
            21,
            13,
            5
        ],
        [
            1,
            6,
            48,
            62,
            21,
            4,
            794,
            1,
            6,
            5
        ],
        [
            13,
            1,
            57,
            101,
            97,
            45,
            20,
            579,
            18,
            15
        ],
        [
            51,
            24,
            19,
            18,
            2,
            3,
            6,
            1,
            812,
            18
        ],
        [
            34,
            72,
            11,
            31,
            2,
            4,
            35,
            11,
            58,
            693
        ]
    ]
}