{
    "loss": 0.012568698359032472,
    "accuracy": 0.7214166666666667,
    "precision": 0.7233621034992599,
    "recall": 0.7210139813994108,
    "f1": 0.7201709371220357,
    "confusion_matrix": [
        [
            987,
            18,
            43,
            34,
            27,
            7,
            11,
            23,
            78,
            35
        ],
        [
            29,
            950,
            1,
            8,
            7,
            3,
            12,
            4,
            37,
            80
        ],
        [
            72,
            5,
            648,
            88,
            154,
            54,
            66,
            32,
            19,
            9
        ],
        [
            25,
            12,
            68,
            713,
            82,
            135,
            76,
            62,
            28,
            16
        ],
        [
            30,
            1,
            65,
            75,
            823,
            16,
            53,
            98,
            13,
            7
        ],
        [
            13,
            4,
            57,
            286,
            78,
            638,
            42,
            72,
            12,
            9
        ],
        [
            5,
            9,
            45,
            76,
            72,
            21,
            935,
            5,
            11,
            12
        ],
        [
            13,
            1,
            33,
            56,
            85,
            44,
            8,
            980,
            3,
            6
        ],
        [
            79,
            41,
            12,
            11,
            7,
            4,
            2,
            8,
            1027,
            34
        ],
        [
            48,
            93,
            12,
            17,
            5,
            5,
            11,
            28,
            30,
            956
        ]
    ]
}