{
    "epoch": 2,
    "loss": 0.014695514837900797,
    "accuracy": 0.6722916666666666,
    "precision": 0.6872516780707809,
    "recall": 0.6731725987682694,
    "f1": 0.6726078286158843,
    "confusion_matrix": [
        [
            678,
            7,
            42,
            27,
            18,
            6,
            4,
            6,
            94,
            29
        ],
        [
            55,
            634,
            5,
            15,
            6,
            0,
            11,
            0,
            99,
            151
        ],
        [
            90,
            4,
            499,
            87,
            119,
            37,
            72,
            18,
            34,
            9
        ],
        [
            22,
            6,
            56,
            545,
            68,
            87,
            89,
            27,
            35,
            11
        ],
        [
            44,
            1,
            47,
            75,
            668,
            12,
            58,
            57,
            11,
            6
        ],
        [
            11,
            1,
            41,
            278,
            72,
            487,
            24,
            48,
            14,
            5
        ],
        [
            7,
            5,
            49,
            88,
            52,
            9,
            720,
            7,
            12,
            10
        ],
        [
            17,
            1,
            35,
            63,
            132,
            27,
            9,
            663,
            7,
            17
        ],
        [
            59,
            12,
            8,
            16,
            3,
            1,
            4,
            1,
            841,
            15
        ],
        [
            49,
            46,
            5,
            25,
            8,
            2,
            19,
            11,
            64,
            719
        ]
    ]
}