{
    "loss": 0.012934004137913386,
    "accuracy": 0.7390833333333333,
    "precision": 0.7428352863656896,
    "recall": 0.7384051090359631,
    "f1": 0.7392833304258228,
    "confusion_matrix": [
        [
            987,
            19,
            38,
            30,
            12,
            8,
            4,
            9,
            64,
            48
        ],
        [
            29,
            1075,
            1,
            12,
            4,
            2,
            8,
            1,
            30,
            74
        ],
        [
            88,
            13,
            798,
            96,
            60,
            74,
            48,
            34,
            16,
            8
        ],
        [
            28,
            14,
            73,
            694,
            40,
            163,
            53,
            32,
            21,
            13
        ],
        [
            33,
            5,
            115,
            91,
            756,
            58,
            50,
            51,
            10,
            6
        ],
        [
            17,
            11,
            48,
            247,
            37,
            766,
            22,
            46,
            8,
            9
        ],
        [
            17,
            28,
            73,
            87,
            46,
            38,
            918,
            8,
            9,
            3
        ],
        [
            26,
            5,
            37,
            74,
            73,
            57,
            1,
            921,
            5,
            13
        ],
        [
            63,
            39,
            13,
            9,
            9,
            3,
            4,
            2,
            989,
            28
        ],
        [
            39,
            108,
            8,
            25,
            2,
            8,
            5,
            12,
            23,
            965
        ]
    ]
}