{
    "epoch": 1,
    "loss": 0.017104492814590533,
    "accuracy": 0.6130208333333333,
    "precision": 0.6232119313080957,
    "recall": 0.6136737492402228,
    "f1": 0.6114108757165025,
    "confusion_matrix": [
        [
            627,
            49,
            48,
            33,
            9,
            10,
            5,
            5,
            80,
            45
        ],
        [
            17,
            798,
            4,
            10,
            0,
            1,
            8,
            0,
            32,
            106
        ],
        [
            100,
            43,
            492,
            86,
            66,
            42,
            87,
            8,
            21,
            24
        ],
        [
            20,
            38,
            82,
            447,
            29,
            140,
            125,
            12,
            16,
            37
        ],
        [
            54,
            26,
            151,
            98,
            410,
            34,
            119,
            63,
            5,
            19
        ],
        [
            19,
            21,
            74,
            234,
            34,
            494,
            47,
            34,
            6,
            18
        ],
        [
            8,
            38,
            66,
            69,
            21,
            13,
            705,
            2,
            10,
            27
        ],
        [
            19,
            18,
            63,
            60,
            65,
            63,
            29,
            588,
            8,
            58
        ],
        [
            111,
            62,
            19,
            25,
            3,
            8,
            9,
            0,
            689,
            34
        ],
        [
            36,
            207,
            5,
            20,
            1,
            3,
            6,
            1,
            34,
            635
        ]
    ]
}