{
    "epoch": 3,
    "loss": 0.013456846382468938,
    "accuracy": 0.6997916666666667,
    "precision": 0.7028790696764977,
    "recall": 0.6997060863725235,
    "f1": 0.6979940995047448,
    "confusion_matrix": [
        [
            643,
            33,
            62,
            20,
            6,
            6,
            5,
            11,
            90,
            35
        ],
        [
            12,
            877,
            6,
            6,
            0,
            7,
            5,
            1,
            19,
            43
        ],
        [
            59,
            8,
            643,
            49,
            42,
            56,
            46,
            25,
            23,
            18
        ],
        [
            26,
            19,
            74,
            449,
            27,
            220,
            66,
            22,
            17,
            26
        ],
        [
            31,
            8,
            154,
            70,
            508,
            58,
            49,
            81,
            8,
            12
        ],
        [
            11,
            11,
            54,
            162,
            29,
            642,
            9,
            46,
            6,
            11
        ],
        [
            4,
            16,
            76,
            76,
            24,
            37,
            693,
            8,
            8,
            17
        ],
        [
            17,
            8,
            45,
            40,
            55,
            63,
            3,
            714,
            4,
            22
        ],
        [
            41,
            50,
            6,
            11,
            5,
            5,
            4,
            1,
            817,
            20
        ],
        [
            17,
            136,
            4,
            6,
            3,
            6,
            6,
            7,
            31,
            732
        ]
    ]
}