{
    "epoch": 0,
    "loss": 0.019420884928355614,
    "accuracy": 0.5488541666666666,
    "precision": 0.5586453883267897,
    "recall": 0.5486697264642427,
    "f1": 0.5467014794539622,
    "confusion_matrix": [
        [
            469,
            53,
            76,
            23,
            25,
            5,
            6,
            9,
            222,
            23
        ],
        [
            35,
            764,
            11,
            15,
            1,
            5,
            10,
            10,
            66,
            59
        ],
        [
            97,
            10,
            392,
            91,
            209,
            50,
            45,
            23,
            40,
            12
        ],
        [
            17,
            22,
            105,
            423,
            72,
            105,
            109,
            39,
            37,
            17
        ],
        [
            36,
            12,
            157,
            73,
            495,
            28,
            80,
            75,
            19,
            4
        ],
        [
            8,
            12,
            100,
            271,
            102,
            348,
            34,
            79,
            22,
            5
        ],
        [
            7,
            14,
            68,
            88,
            123,
            10,
            603,
            18,
            13,
            15
        ],
        [
            11,
            6,
            38,
            74,
            130,
            65,
            27,
            586,
            13,
            21
        ],
        [
            89,
            62,
            21,
            11,
            8,
            6,
            9,
            1,
            717,
            36
        ],
        [
            44,
            270,
            15,
            39,
            4,
            5,
            21,
            14,
            64,
            472
        ]
    ]
}