{
    "epoch": 8,
    "loss": 0.012455739568298062,
    "accuracy": 0.7380208333333333,
    "precision": 0.7464037487512514,
    "recall": 0.7381639109748004,
    "f1": 0.7396290431823889,
    "confusion_matrix": [
        [
            676,
            13,
            63,
            28,
            20,
            6,
            11,
            10,
            54,
            30
        ],
        [
            12,
            860,
            9,
            10,
            4,
            1,
            9,
            1,
            23,
            47
        ],
        [
            38,
            4,
            639,
            72,
            103,
            23,
            46,
            27,
            8,
            9
        ],
        [
            12,
            10,
            64,
            596,
            42,
            104,
            74,
            26,
            9,
            9
        ],
        [
            15,
            5,
            40,
            78,
            724,
            15,
            36,
            56,
            5,
            5
        ],
        [
            6,
            4,
            48,
            246,
            54,
            543,
            26,
            42,
            4,
            8
        ],
        [
            5,
            8,
            55,
            66,
            44,
            14,
            754,
            2,
            4,
            7
        ],
        [
            6,
            3,
            37,
            52,
            91,
            29,
            5,
            734,
            3,
            11
        ],
        [
            48,
            30,
            16,
            22,
            7,
            3,
            9,
            2,
            814,
            9
        ],
        [
            19,
            88,
            10,
            23,
            5,
            1,
            12,
            6,
            39,
            745
        ]
    ]
}