{
    "epoch": 4,
    "loss": 0.013384581102679174,
    "accuracy": 0.705625,
    "precision": 0.7089006670541583,
    "recall": 0.7059133872173046,
    "f1": 0.7030237245612896,
    "confusion_matrix": [
        [
            707,
            32,
            34,
            9,
            23,
            5,
            4,
            11,
            32,
            54
        ],
        [
            10,
            882,
            5,
            4,
            1,
            2,
            3,
            2,
            7,
            60
        ],
        [
            84,
            22,
            549,
            60,
            104,
            26,
            44,
            46,
            10,
            24
        ],
        [
            38,
            24,
            45,
            478,
            71,
            130,
            69,
            35,
            8,
            48
        ],
        [
            27,
            11,
            51,
            54,
            678,
            17,
            23,
            95,
            4,
            19
        ],
        [
            16,
            15,
            42,
            196,
            62,
            530,
            12,
            83,
            4,
            21
        ],
        [
            11,
            22,
            45,
            57,
            80,
            15,
            675,
            11,
            7,
            36
        ],
        [
            13,
            7,
            22,
            37,
            61,
            24,
            4,
            771,
            4,
            28
        ],
        [
            65,
            72,
            8,
            8,
            10,
            4,
            5,
            3,
            733,
            52
        ],
        [
            12,
            130,
            4,
            6,
            7,
            3,
            2,
            4,
            9,
            771
        ]
    ]
}