{
    "epoch": 6,
    "loss": 0.012408659098049005,
    "accuracy": 0.7364583333333333,
    "precision": 0.7374907788051481,
    "recall": 0.7364531630709268,
    "f1": 0.7350571592315587,
    "confusion_matrix": [
        [
            704,
            12,
            67,
            16,
            17,
            3,
            6,
            15,
            43,
            28
        ],
        [
            22,
            803,
            16,
            10,
            4,
            2,
            15,
            2,
            24,
            78
        ],
        [
            54,
            3,
            631,
            40,
            108,
            29,
            59,
            30,
            9,
            6
        ],
        [
            16,
            6,
            63,
            440,
            79,
            167,
            112,
            38,
            7,
            18
        ],
        [
            17,
            1,
            53,
            36,
            753,
            17,
            41,
            50,
            4,
            7
        ],
        [
            8,
            1,
            59,
            144,
            66,
            606,
            34,
            56,
            3,
            4
        ],
        [
            3,
            4,
            40,
            40,
            52,
            13,
            794,
            5,
            5,
            3
        ],
        [
            6,
            0,
            29,
            25,
            110,
            23,
            6,
            753,
            6,
            13
        ],
        [
            61,
            20,
            14,
            15,
            6,
            5,
            9,
            2,
            805,
            23
        ],
        [
            16,
            55,
            10,
            16,
            14,
            5,
            10,
            13,
            28,
            781
        ]
    ]
}