{
    "epoch": 7,
    "loss": 0.012513797900949915,
    "accuracy": 0.7365625,
    "precision": 0.7385030976478164,
    "recall": 0.737116342396899,
    "f1": 0.735708821864111,
    "confusion_matrix": [
        [
            744,
            14,
            45,
            15,
            8,
            6,
            8,
            10,
            21,
            40
        ],
        [
            18,
            814,
            4,
            6,
            3,
            2,
            9,
            2,
            9,
            109
        ],
        [
            69,
            4,
            618,
            51,
            78,
            30,
            72,
            30,
            5,
            12
        ],
        [
            23,
            14,
            53,
            527,
            55,
            128,
            79,
            26,
            11,
            30
        ],
        [
            26,
            5,
            59,
            51,
            702,
            18,
            48,
            59,
            4,
            7
        ],
        [
            15,
            6,
            38,
            190,
            58,
            588,
            21,
            51,
            4,
            10
        ],
        [
            9,
            11,
            38,
            49,
            42,
            19,
            772,
            3,
            6,
            10
        ],
        [
            11,
            4,
            33,
            36,
            81,
            32,
            3,
            745,
            4,
            22
        ],
        [
            94,
            44,
            12,
            8,
            6,
            4,
            3,
            0,
            737,
            52
        ],
        [
            21,
            58,
            3,
            5,
            9,
            0,
            5,
            8,
            15,
            824
        ]
    ]
}