{
    "epoch": 9,
    "loss": 0.013034790481130282,
    "accuracy": 0.7391666666666666,
    "precision": 0.7432724717810981,
    "recall": 0.7397009880381944,
    "f1": 0.7400570835887884,
    "confusion_matrix": [
        [
            747,
            16,
            29,
            14,
            7,
            7,
            3,
            11,
            47,
            30
        ],
        [
            17,
            863,
            3,
            7,
            2,
            2,
            6,
            0,
            21,
            55
        ],
        [
            77,
            10,
            623,
            75,
            61,
            40,
            39,
            24,
            12,
            8
        ],
        [
            26,
            13,
            57,
            580,
            33,
            122,
            58,
            24,
            13,
            20
        ],
        [
            32,
            6,
            83,
            80,
            637,
            44,
            32,
            55,
            4,
            6
        ],
        [
            18,
            6,
            36,
            200,
            29,
            631,
            14,
            35,
            5,
            7
        ],
        [
            9,
            13,
            67,
            78,
            25,
            39,
            706,
            4,
            9,
            9
        ],
        [
            17,
            4,
            30,
            58,
            64,
            45,
            4,
            727,
            5,
            17
        ],
        [
            59,
            34,
            4,
            12,
            4,
            3,
            3,
            1,
            818,
            22
        ],
        [
            19,
            89,
            2,
            20,
            7,
            7,
            5,
            8,
            27,
            764
        ]
    ]
}