{
    "epoch": 5,
    "loss": 0.013077634237706661,
    "accuracy": 0.7098958333333333,
    "precision": 0.7145253490455403,
    "recall": 0.710189504248725,
    "f1": 0.7074159615463269,
    "confusion_matrix": [
        [
            730,
            12,
            36,
            11,
            12,
            7,
            7,
            34,
            20,
            42
        ],
        [
            23,
            809,
            14,
            6,
            3,
            5,
            11,
            4,
            9,
            92
        ],
        [
            80,
            5,
            509,
            47,
            110,
            66,
            72,
            64,
            5,
            11
        ],
        [
            34,
            10,
            31,
            432,
            53,
            222,
            78,
            63,
            7,
            16
        ],
        [
            31,
            4,
            31,
            45,
            645,
            40,
            54,
            123,
            2,
            4
        ],
        [
            16,
            2,
            25,
            135,
            38,
            653,
            15,
            90,
            3,
            4
        ],
        [
            10,
            6,
            31,
            62,
            51,
            31,
            739,
            13,
            6,
            10
        ],
        [
            9,
            0,
            18,
            27,
            46,
            47,
            2,
            812,
            4,
            6
        ],
        [
            105,
            36,
            16,
            12,
            9,
            7,
            8,
            7,
            690,
            70
        ],
        [
            26,
            52,
            5,
            12,
            7,
            10,
            11,
            22,
            7,
            796
        ]
    ]
}