{
    "epoch": 7,
    "loss": 0.012865122601389885,
    "accuracy": 0.733,
    "precision": 0.7411015507284786,
    "recall": 0.732811080733513,
    "f1": 0.7346772414978293,
    "confusion_matrix": [
        [
            784,
            10,
            43,
            19,
            30,
            15,
            3,
            12,
            42,
            46
        ],
        [
            21,
            771,
            10,
            9,
            2,
            6,
            15,
            2,
            15,
            136
        ],
        [
            56,
            1,
            620,
            61,
            64,
            63,
            63,
            10,
            13,
            7
        ],
        [
            22,
            3,
            62,
            560,
            32,
            197,
            54,
            21,
            9,
            10
        ],
        [
            18,
            0,
            84,
            61,
            705,
            60,
            46,
            48,
            13,
            5
        ],
        [
            6,
            1,
            58,
            161,
            35,
            715,
            11,
            26,
            4,
            5
        ],
        [
            5,
            3,
            65,
            59,
            38,
            48,
            815,
            3,
            3,
            6
        ],
        [
            14,
            3,
            35,
            50,
            66,
            81,
            11,
            704,
            1,
            11
        ],
        [
            91,
            26,
            13,
            23,
            10,
            3,
            5,
            13,
            823,
            45
        ],
        [
            21,
            22,
            6,
            24,
            2,
            10,
            10,
            7,
            11,
            833
        ]
    ]
}