{
    "epoch": 8,
    "loss": 0.012901796180009842,
    "accuracy": 0.737,
    "precision": 0.7434279439177953,
    "recall": 0.7371070301160788,
    "f1": 0.737856531151257,
    "confusion_matrix": [
        [
            729,
            25,
            69,
            21,
            25,
            5,
            2,
            15,
            69,
            44
        ],
        [
            11,
            847,
            3,
            9,
            5,
            2,
            7,
            3,
            18,
            82
        ],
        [
            40,
            2,
            621,
            76,
            83,
            36,
            48,
            21,
            23,
            8
        ],
        [
            27,
            4,
            64,
            613,
            51,
            110,
            29,
            35,
            19,
            18
        ],
        [
            14,
            3,
            78,
            60,
            746,
            25,
            25,
            74,
            11,
            4
        ],
        [
            7,
            9,
            51,
            248,
            62,
            576,
            11,
            37,
            9,
            12
        ],
        [
            4,
            9,
            57,
            94,
            62,
            21,
            783,
            1,
            6,
            8
        ],
        [
            9,
            4,
            25,
            53,
            74,
            27,
            5,
            765,
            3,
            11
        ],
        [
            47,
            37,
            14,
            18,
            7,
            1,
            7,
            11,
            881,
            29
        ],
        [
            15,
            56,
            8,
            24,
            2,
            1,
            3,
            9,
            19,
            809
        ]
    ]
}