{
    "epoch": 9,
    "loss": 0.013265246605873108,
    "accuracy": 0.7456,
    "precision": 0.7430510226757271,
    "recall": 0.7450297237106043,
    "f1": 0.7435196032482545,
    "confusion_matrix": [
        [
            765,
            28,
            47,
            14,
            25,
            10,
            2,
            9,
            67,
            37
        ],
        [
            7,
            877,
            3,
            3,
            3,
            1,
            14,
            3,
            19,
            57
        ],
        [
            49,
            4,
            630,
            46,
            78,
            40,
            54,
            21,
            26,
            10
        ],
        [
            29,
            7,
            62,
            505,
            61,
            163,
            58,
            45,
            19,
            21
        ],
        [
            19,
            3,
            67,
            46,
            747,
            35,
            32,
            72,
            14,
            5
        ],
        [
            8,
            8,
            59,
            131,
            55,
            676,
            16,
            52,
            5,
            12
        ],
        [
            4,
            12,
            59,
            47,
            50,
            32,
            821,
            3,
            5,
            12
        ],
        [
            12,
            3,
            30,
            35,
            71,
            38,
            7,
            754,
            3,
            23
        ],
        [
            49,
            39,
            11,
            15,
            9,
            3,
            4,
            12,
            876,
            34
        ],
        [
            21,
            70,
            4,
            17,
            4,
            5,
            2,
            5,
            13,
            805
        ]
    ]
}