{
    "loss": 0.012417660350600879,
    "accuracy": 0.7214166666666667,
    "precision": 0.7221244694267022,
    "recall": 0.7228284364742839,
    "f1": 0.7215807823868443,
    "confusion_matrix": [
        [
            886,
            22,
            73,
            28,
            35,
            3,
            5,
            13,
            75,
            34
        ],
        [
            9,
            986,
            5,
            5,
            10,
            6,
            12,
            3,
            37,
            71
        ],
        [
            73,
            7,
            734,
            61,
            128,
            65,
            56,
            30,
            14,
            13
        ],
        [
            20,
            11,
            111,
            660,
            84,
            168,
            109,
            64,
            21,
            21
        ],
        [
            28,
            3,
            97,
            53,
            842,
            26,
            57,
            82,
            8,
            7
        ],
        [
            7,
            7,
            94,
            189,
            65,
            690,
            43,
            72,
            7,
            14
        ],
        [
            8,
            9,
            72,
            55,
            74,
            23,
            918,
            7,
            7,
            15
        ],
        [
            14,
            3,
            55,
            39,
            102,
            39,
            7,
            1009,
            4,
            20
        ],
        [
            64,
            33,
            20,
            10,
            9,
            6,
            5,
            6,
            1014,
            33
        ],
        [
            38,
            109,
            12,
            24,
            8,
            6,
            5,
            20,
            21,
            918
        ]
    ]
}