{
    "epoch": 1,
    "loss": 0.016111436678717533,
    "accuracy": 0.6288541666666667,
    "precision": 0.6298475859973581,
    "recall": 0.6284558480503273,
    "f1": 0.6200443907220208,
    "confusion_matrix": [
        [
            652,
            16,
            23,
            12,
            19,
            10,
            14,
            13,
            147,
            38
        ],
        [
            25,
            721,
            4,
            11,
            2,
            10,
            26,
            2,
            86,
            129
        ],
        [
            118,
            2,
            384,
            61,
            104,
            131,
            123,
            27,
            52,
            6
        ],
        [
            29,
            3,
            60,
            295,
            38,
            278,
            119,
            29,
            24,
            17
        ],
        [
            45,
            7,
            94,
            51,
            442,
            75,
            151,
            83,
            16,
            5
        ],
        [
            12,
            1,
            39,
            101,
            32,
            638,
            58,
            42,
            19,
            7
        ],
        [
            5,
            3,
            29,
            49,
            24,
            37,
            732,
            6,
            12,
            13
        ],
        [
            16,
            0,
            24,
            28,
            78,
            117,
            16,
            688,
            12,
            21
        ],
        [
            65,
            19,
            9,
            11,
            6,
            7,
            12,
            4,
            809,
            27
        ],
        [
            26,
            105,
            1,
            21,
            3,
            17,
            32,
            13,
            49,
            676
        ]
    ]
}