{
    "epoch": 0,
    "loss": 0.019307208955287935,
    "accuracy": 0.5567708333333333,
    "precision": 0.5614968241525642,
    "recall": 0.554504289586099,
    "f1": 0.5487375545122942,
    "confusion_matrix": [
        [
            569,
            61,
            62,
            22,
            6,
            7,
            5,
            18,
            160,
            34
        ],
        [
            28,
            810,
            3,
            11,
            4,
            6,
            11,
            9,
            46,
            88
        ],
        [
            123,
            17,
            476,
            89,
            58,
            91,
            61,
            43,
            39,
            11
        ],
        [
            17,
            17,
            99,
            341,
            21,
            225,
            57,
            59,
            36,
            20
        ],
        [
            67,
            22,
            276,
            61,
            234,
            58,
            92,
            134,
            19,
            6
        ],
        [
            13,
            4,
            112,
            188,
            11,
            505,
            25,
            65,
            18,
            8
        ],
        [
            14,
            18,
            89,
            117,
            40,
            42,
            538,
            21,
            12,
            19
        ],
        [
            19,
            9,
            54,
            65,
            34,
            113,
            13,
            655,
            11,
            27
        ],
        [
            109,
            76,
            20,
            12,
            2,
            10,
            1,
            8,
            698,
            33
        ],
        [
            40,
            258,
            6,
            28,
            1,
            5,
            16,
            27,
            43,
            519
        ]
    ]
}