{
    "loss": 0.01333677596350511,
    "accuracy": 0.7374166666666667,
    "precision": 0.7413859919301823,
    "recall": 0.7387886470414159,
    "f1": 0.7384170711762643,
    "confusion_matrix": [
        [
            1003,
            19,
            41,
            20,
            14,
            7,
            7,
            16,
            51,
            24
        ],
        [
            35,
            1020,
            5,
            10,
            4,
            4,
            5,
            7,
            24,
            69
        ],
        [
            120,
            4,
            769,
            81,
            90,
            50,
            55,
            51,
            12,
            6
        ],
        [
            54,
            2,
            63,
            694,
            68,
            183,
            58,
            76,
            13,
            13
        ],
        [
            42,
            4,
            80,
            70,
            817,
            42,
            39,
            81,
            11,
            3
        ],
        [
            16,
            3,
            50,
            224,
            42,
            763,
            30,
            88,
            9,
            5
        ],
        [
            14,
            6,
            75,
            85,
            59,
            21,
            888,
            12,
            8,
            9
        ],
        [
            24,
            4,
            22,
            37,
            52,
            39,
            6,
            1015,
            3,
            4
        ],
        [
            91,
            43,
            19,
            13,
            4,
            3,
            7,
            4,
            962,
            24
        ],
        [
            58,
            95,
            6,
            33,
            7,
            8,
            10,
            27,
            19,
            918
        ]
    ]
}