{
    "epoch": 8,
    "loss": 0.012673383305470149,
    "accuracy": 0.7365625,
    "precision": 0.7375609169751713,
    "recall": 0.7347060718381553,
    "f1": 0.7347419775732446,
    "confusion_matrix": [
        [
            729,
            17,
            31,
            12,
            19,
            9,
            5,
            11,
            96,
            15
        ],
        [
            16,
            847,
            4,
            9,
            8,
            8,
            6,
            1,
            44,
            73
        ],
        [
            81,
            5,
            635,
            59,
            81,
            59,
            37,
            25,
            21,
            5
        ],
        [
            17,
            3,
            57,
            474,
            57,
            181,
            40,
            40,
            16,
            7
        ],
        [
            28,
            3,
            58,
            33,
            688,
            40,
            23,
            78,
            16,
            2
        ],
        [
            8,
            2,
            45,
            134,
            27,
            656,
            14,
            48,
            13,
            2
        ],
        [
            7,
            7,
            58,
            73,
            61,
            34,
            650,
            9,
            6,
            5
        ],
        [
            11,
            4,
            19,
            52,
            62,
            43,
            2,
            789,
            7,
            11
        ],
        [
            36,
            17,
            14,
            10,
            4,
            4,
            2,
            3,
            866,
            13
        ],
        [
            25,
            82,
            5,
            18,
            7,
            7,
            3,
            14,
            45,
            737
        ]
    ]
}