{
    "epoch": 3,
    "loss": 0.013246925709148248,
    "accuracy": 0.7013541666666666,
    "precision": 0.7022612069936007,
    "recall": 0.7001176566669877,
    "f1": 0.6974278848403548,
    "confusion_matrix": [
        [
            662,
            15,
            31,
            10,
            31,
            4,
            7,
            13,
            147,
            24
        ],
        [
            15,
            817,
            2,
            7,
            3,
            2,
            15,
            0,
            72,
            83
        ],
        [
            71,
            5,
            579,
            53,
            116,
            42,
            72,
            21,
            39,
            10
        ],
        [
            20,
            5,
            83,
            455,
            61,
            96,
            93,
            27,
            28,
            24
        ],
        [
            18,
            11,
            59,
            60,
            645,
            13,
            72,
            62,
            22,
            7
        ],
        [
            9,
            3,
            59,
            209,
            55,
            495,
            54,
            50,
            10,
            5
        ],
        [
            6,
            9,
            42,
            39,
            53,
            8,
            732,
            3,
            10,
            8
        ],
        [
            17,
            2,
            35,
            47,
            73,
            36,
            11,
            756,
            5,
            18
        ],
        [
            36,
            17,
            14,
            6,
            6,
            3,
            10,
            4,
            864,
            9
        ],
        [
            25,
            84,
            3,
            8,
            5,
            1,
            16,
            12,
            61,
            728
        ]
    ]
}