{
    "epoch": 6,
    "loss": 0.012244279338046908,
    "accuracy": 0.7372916666666667,
    "precision": 0.7397737880796813,
    "recall": 0.7345974706116463,
    "f1": 0.7346260151878792,
    "confusion_matrix": [
        [
            769,
            16,
            58,
            4,
            18,
            7,
            6,
            14,
            38,
            14
        ],
        [
            17,
            897,
            12,
            6,
            6,
            3,
            4,
            3,
            29,
            39
        ],
        [
            60,
            2,
            716,
            32,
            64,
            45,
            41,
            28,
            16,
            4
        ],
        [
            20,
            6,
            100,
            420,
            47,
            178,
            53,
            45,
            11,
            12
        ],
        [
            22,
            7,
            116,
            36,
            637,
            36,
            32,
            75,
            6,
            2
        ],
        [
            8,
            1,
            72,
            120,
            31,
            619,
            30,
            62,
            5,
            1
        ],
        [
            7,
            7,
            80,
            40,
            36,
            15,
            707,
            9,
            4,
            5
        ],
        [
            11,
            2,
            47,
            27,
            48,
            35,
            5,
            818,
            0,
            7
        ],
        [
            81,
            29,
            26,
            4,
            7,
            5,
            4,
            8,
            795,
            10
        ],
        [
            45,
            111,
            11,
            13,
            6,
            4,
            6,
            22,
            25,
            700
        ]
    ]
}