{
    "epoch": 4,
    "loss": 0.013273366938034693,
    "accuracy": 0.7040625,
    "precision": 0.7287266101643597,
    "recall": 0.704051617271588,
    "f1": 0.7082680570570938,
    "confusion_matrix": [
        [
            696,
            13,
            22,
            34,
            15,
            14,
            4,
            15,
            76,
            55
        ],
        [
            14,
            795,
            1,
            32,
            5,
            11,
            6,
            3,
            30,
            119
        ],
        [
            82,
            3,
            507,
            151,
            78,
            91,
            43,
            29,
            16,
            8
        ],
        [
            11,
            2,
            30,
            577,
            22,
            177,
            21,
            29,
            5,
            18
        ],
        [
            21,
            1,
            52,
            142,
            563,
            68,
            31,
            76,
            7,
            8
        ],
        [
            7,
            0,
            11,
            234,
            12,
            631,
            9,
            40,
            3,
            2
        ],
        [
            3,
            4,
            34,
            149,
            30,
            51,
            618,
            10,
            3,
            8
        ],
        [
            4,
            2,
            14,
            87,
            39,
            67,
            1,
            771,
            2,
            13
        ],
        [
            45,
            27,
            13,
            30,
            6,
            8,
            3,
            4,
            805,
            28
        ],
        [
            14,
            50,
            3,
            37,
            1,
            9,
            1,
            14,
            18,
            796
        ]
    ]
}