{
    "epoch": 9,
    "loss": 0.013233409185583392,
    "accuracy": 0.7447916666666666,
    "precision": 0.7466828073556596,
    "recall": 0.743417336507976,
    "f1": 0.7434797237574959,
    "confusion_matrix": [
        [
            808,
            11,
            24,
            10,
            16,
            4,
            3,
            10,
            42,
            16
        ],
        [
            26,
            862,
            9,
            18,
            5,
            3,
            5,
            4,
            22,
            62
        ],
        [
            87,
            4,
            638,
            52,
            87,
            45,
            40,
            38,
            10,
            7
        ],
        [
            33,
            4,
            61,
            507,
            38,
            137,
            38,
            51,
            11,
            12
        ],
        [
            31,
            2,
            57,
            58,
            667,
            31,
            37,
            78,
            4,
            4
        ],
        [
            14,
            3,
            42,
            170,
            20,
            614,
            22,
            52,
            9,
            3
        ],
        [
            10,
            6,
            57,
            65,
            40,
            19,
            701,
            4,
            3,
            5
        ],
        [
            16,
            1,
            23,
            35,
            58,
            31,
            1,
            824,
            6,
            5
        ],
        [
            100,
            20,
            12,
            8,
            6,
            3,
            4,
            4,
            794,
            18
        ],
        [
            46,
            76,
            2,
            22,
            1,
            5,
            8,
            27,
            21,
            735
        ]
    ]
}