{
    "epoch": 5,
    "loss": 0.01212868416061004,
    "accuracy": 0.7327083333333333,
    "precision": 0.7339033324762215,
    "recall": 0.7310912981105864,
    "f1": 0.7317707549036347,
    "confusion_matrix": [
        [
            761,
            8,
            39,
            10,
            19,
            5,
            5,
            15,
            56,
            26
        ],
        [
            20,
            838,
            8,
            9,
            5,
            7,
            9,
            1,
            42,
            77
        ],
        [
            68,
            2,
            660,
            60,
            74,
            48,
            50,
            22,
            18,
            6
        ],
        [
            16,
            3,
            87,
            475,
            32,
            181,
            37,
            34,
            15,
            12
        ],
        [
            31,
            5,
            84,
            64,
            621,
            42,
            37,
            76,
            5,
            4
        ],
        [
            8,
            1,
            51,
            147,
            21,
            653,
            19,
            42,
            5,
            2
        ],
        [
            5,
            9,
            64,
            78,
            36,
            25,
            673,
            8,
            6,
            6
        ],
        [
            13,
            2,
            38,
            47,
            48,
            45,
            3,
            790,
            3,
            11
        ],
        [
            70,
            17,
            20,
            8,
            4,
            6,
            2,
            5,
            819,
            18
        ],
        [
            30,
            81,
            7,
            20,
            0,
            8,
            6,
            16,
            31,
            744
        ]
    ]
}