{
    "epoch": 7,
    "loss": 0.012894858537862697,
    "accuracy": 0.7276041666666667,
    "precision": 0.7378960530865744,
    "recall": 0.7246493669084508,
    "f1": 0.724266871213311,
    "confusion_matrix": [
        [
            674,
            18,
            79,
            12,
            18,
            10,
            3,
            11,
            72,
            47
        ],
        [
            6,
            854,
            6,
            6,
            2,
            12,
            4,
            1,
            15,
            110
        ],
        [
            42,
            7,
            688,
            38,
            61,
            94,
            26,
            31,
            12,
            9
        ],
        [
            8,
            5,
            53,
            370,
            29,
            327,
            26,
            37,
            15,
            22
        ],
        [
            17,
            10,
            105,
            48,
            575,
            80,
            20,
            99,
            8,
            7
        ],
        [
            4,
            3,
            29,
            65,
            16,
            770,
            9,
            37,
            7,
            9
        ],
        [
            4,
            10,
            82,
            68,
            45,
            60,
            612,
            14,
            3,
            12
        ],
        [
            4,
            2,
            28,
            30,
            32,
            70,
            1,
            809,
            3,
            21
        ],
        [
            34,
            29,
            26,
            8,
            4,
            7,
            2,
            4,
            822,
            33
        ],
        [
            11,
            56,
            5,
            15,
            0,
            11,
            2,
            11,
            21,
            811
        ]
    ]
}