{
    "epoch": 2,
    "loss": 0.014559120082606873,
    "accuracy": 0.6710416666666666,
    "precision": 0.6880969033780795,
    "recall": 0.66999078137372,
    "f1": 0.6690084542243707,
    "confusion_matrix": [
        [
            767,
            10,
            13,
            13,
            32,
            5,
            3,
            14,
            32,
            55
        ],
        [
            31,
            775,
            6,
            8,
            8,
            6,
            8,
            2,
            18,
            154
        ],
        [
            140,
            2,
            433,
            57,
            222,
            72,
            32,
            34,
            7,
            9
        ],
        [
            33,
            3,
            49,
            418,
            101,
            179,
            39,
            41,
            5,
            24
        ],
        [
            43,
            4,
            25,
            40,
            699,
            33,
            16,
            94,
            4,
            11
        ],
        [
            9,
            2,
            37,
            146,
            84,
            586,
            18,
            56,
            2,
            9
        ],
        [
            13,
            7,
            43,
            76,
            153,
            27,
            551,
            16,
            4,
            20
        ],
        [
            12,
            2,
            22,
            44,
            85,
            55,
            0,
            756,
            3,
            21
        ],
        [
            158,
            32,
            11,
            16,
            19,
            9,
            2,
            6,
            667,
            49
        ],
        [
            31,
            62,
            2,
            13,
            7,
            5,
            5,
            17,
            11,
            790
        ]
    ]
}