{
    "loss": 0.012200671424468358,
    "accuracy": 0.73025,
    "precision": 0.7303918716196672,
    "recall": 0.7301298318449805,
    "f1": 0.7290842764444581,
    "confusion_matrix": [
        [
            922,
            25,
            61,
            20,
            30,
            6,
            11,
            14,
            78,
            62
        ],
        [
            18,
            996,
            7,
            10,
            4,
            4,
            10,
            9,
            23,
            111
        ],
        [
            70,
            11,
            747,
            55,
            136,
            39,
            80,
            28,
            18,
            12
        ],
        [
            20,
            9,
            75,
            655,
            83,
            181,
            81,
            40,
            28,
            32
        ],
        [
            37,
            5,
            60,
            69,
            823,
            25,
            57,
            75,
            7,
            8
        ],
        [
            10,
            3,
            60,
            235,
            80,
            708,
            33,
            55,
            10,
            13
        ],
        [
            6,
            6,
            47,
            75,
            80,
            14,
            920,
            8,
            9,
            14
        ],
        [
            12,
            1,
            25,
            43,
            92,
            34,
            6,
            942,
            10,
            29
        ],
        [
            66,
            37,
            14,
            25,
            10,
            2,
            8,
            4,
            1028,
            33
        ],
        [
            21,
            94,
            5,
            16,
            8,
            4,
            9,
            10,
            17,
            1022
        ]
    ]
}