{
    "epoch": 0,
    "loss": 0.03795537211894989,
    "accuracy": 0.103,
    "precision": 0.10153973357591699,
    "recall": 0.10216408137976758,
    "f1": 0.06982871532515761,
    "confusion_matrix": [
        [
            106,
            42,
            196,
            35,
            36,
            9,
            7,
            106,
            392,
            71
        ],
        [
            24,
            2,
            97,
            2,
            5,
            5,
            26,
            111,
            626,
            77
        ],
        [
            101,
            22,
            191,
            46,
            13,
            11,
            16,
            76,
            423,
            83
        ],
        [
            17,
            7,
            219,
            25,
            18,
            10,
            9,
            72,
            611,
            48
        ],
        [
            43,
            25,
            236,
            21,
            28,
            20,
            16,
            25,
            506,
            62
        ],
        [
            22,
            15,
            148,
            22,
            14,
            5,
            13,
            80,
            570,
            46
        ],
        [
            40,
            26,
            227,
            12,
            21,
            14,
            29,
            66,
            527,
            83
        ],
        [
            50,
            2,
            229,
            12,
            13,
            12,
            22,
            56,
            562,
            62
        ],
        [
            76,
            10,
            110,
            16,
            64,
            16,
            14,
            123,
            557,
            31
        ],
        [
            45,
            3,
            102,
            1,
            10,
            2,
            26,
            84,
            704,
            31
        ]
    ]
}