{
    "loss": 0.026369750946760178,
    "accuracy": 0.5051,
    "precision": 0.6160729729855092,
    "recall": 0.5051,
    "f1": 0.4610328560091624,
    "confusion_matrix": [
        [
            738,
            31,
            116,
            8,
            1,
            4,
            0,
            40,
            7,
            55
        ],
        [
            45,
            734,
            9,
            3,
            1,
            25,
            0,
            20,
            2,
            161
        ],
        [
            74,
            12,
            650,
            14,
            12,
            122,
            4,
            98,
            1,
            13
        ],
        [
            29,
            26,
            147,
            112,
            1,
            511,
            4,
            100,
            3,
            67
        ],
        [
            20,
            11,
            323,
            16,
            126,
            82,
            1,
            385,
            5,
            31
        ],
        [
            6,
            5,
            100,
            10,
            3,
            725,
            1,
            119,
            3,
            28
        ],
        [
            5,
            53,
            311,
            53,
            8,
            300,
            194,
            52,
            0,
            24
        ],
        [
            18,
            7,
            55,
            1,
            2,
            78,
            0,
            796,
            1,
            42
        ],
        [
            524,
            79,
            25,
            2,
            0,
            14,
            0,
            10,
            231,
            115
        ],
        [
            47,
            139,
            6,
            1,
            1,
            14,
            0,
            46,
            1,
            745
        ]
    ]
}