{
    "epoch": 1,
    "loss": 0.01645313957706094,
    "accuracy": 0.6253125,
    "precision": 0.6454158611835698,
    "recall": 0.624201880321144,
    "f1": 0.6218964373740906,
    "confusion_matrix": [
        [
            744,
            16,
            73,
            14,
            9,
            9,
            12,
            16,
            89,
            9
        ],
        [
            64,
            725,
            23,
            13,
            3,
            8,
            16,
            16,
            58,
            33
        ],
        [
            70,
            1,
            634,
            31,
            53,
            76,
            42,
            18,
            14,
            3
        ],
        [
            18,
            5,
            181,
            303,
            33,
            265,
            60,
            38,
            20,
            6
        ],
        [
            44,
            1,
            262,
            33,
            418,
            61,
            68,
            78,
            8,
            3
        ],
        [
            5,
            2,
            127,
            116,
            37,
            565,
            14,
            59,
            4,
            1
        ],
        [
            4,
            2,
            122,
            54,
            52,
            37,
            675,
            7,
            8,
            0
        ],
        [
            16,
            1,
            70,
            28,
            65,
            79,
            6,
            668,
            6,
            2
        ],
        [
            113,
            23,
            26,
            9,
            2,
            10,
            8,
            5,
            790,
            5
        ],
        [
            84,
            153,
            19,
            41,
            9,
            25,
            37,
            58,
            73,
            481
        ]
    ]
}