{
    "epoch": 9,
    "loss": 0.01260723661010464,
    "accuracy": 0.7442708333333333,
    "precision": 0.7417553910467065,
    "recall": 0.7425391432169766,
    "f1": 0.7408896758944549,
    "confusion_matrix": [
        [
            767,
            18,
            31,
            18,
            14,
            8,
            14,
            14,
            64,
            43
        ],
        [
            7,
            832,
            6,
            10,
            2,
            5,
            9,
            1,
            21,
            66
        ],
        [
            50,
            5,
            594,
            51,
            66,
            63,
            64,
            30,
            8,
            11
        ],
        [
            22,
            4,
            52,
            437,
            43,
            230,
            71,
            28,
            14,
            28
        ],
        [
            22,
            5,
            70,
            54,
            672,
            37,
            53,
            45,
            5,
            13
        ],
        [
            5,
            2,
            29,
            122,
            39,
            649,
            21,
            58,
            1,
            4
        ],
        [
            6,
            5,
            31,
            45,
            34,
            31,
            795,
            6,
            2,
            6
        ],
        [
            10,
            3,
            16,
            36,
            58,
            58,
            12,
            731,
            6,
            11
        ],
        [
            39,
            37,
            9,
            10,
            1,
            5,
            9,
            3,
            850,
            28
        ],
        [
            15,
            78,
            4,
            17,
            1,
            10,
            7,
            14,
            16,
            818
        ]
    ]
}