{
    "epoch": 7,
    "loss": 0.012507078160221377,
    "accuracy": 0.7359375,
    "precision": 0.7353660712193582,
    "recall": 0.7337724622011463,
    "f1": 0.7312205655102098,
    "confusion_matrix": [
        [
            776,
            9,
            43,
            9,
            30,
            2,
            12,
            21,
            46,
            43
        ],
        [
            23,
            739,
            2,
            7,
            6,
            1,
            8,
            5,
            20,
            148
        ],
        [
            50,
            4,
            609,
            25,
            97,
            38,
            48,
            47,
            10,
            14
        ],
        [
            17,
            4,
            69,
            406,
            102,
            182,
            66,
            33,
            14,
            36
        ],
        [
            21,
            3,
            57,
            24,
            739,
            19,
            36,
            61,
            3,
            13
        ],
        [
            9,
            3,
            46,
            124,
            73,
            564,
            24,
            78,
            3,
            6
        ],
        [
            5,
            2,
            43,
            40,
            58,
            19,
            770,
            11,
            4,
            9
        ],
        [
            8,
            3,
            23,
            24,
            55,
            32,
            3,
            776,
            7,
            10
        ],
        [
            66,
            24,
            12,
            5,
            5,
            3,
            8,
            3,
            828,
            37
        ],
        [
            24,
            30,
            2,
            17,
            6,
            7,
            4,
            18,
            14,
            858
        ]
    ]
}