{
    "epoch": 8,
    "loss": 0.012454916769638658,
    "accuracy": 0.7459375,
    "precision": 0.74618168641703,
    "recall": 0.7440356684827252,
    "f1": 0.7439581286432408,
    "confusion_matrix": [
        [
            779,
            10,
            41,
            16,
            24,
            4,
            7,
            14,
            58,
            38
        ],
        [
            14,
            787,
            2,
            9,
            4,
            4,
            6,
            3,
            25,
            105
        ],
        [
            55,
            4,
            624,
            53,
            79,
            34,
            38,
            32,
            11,
            12
        ],
        [
            19,
            3,
            74,
            524,
            69,
            119,
            47,
            31,
            20,
            23
        ],
        [
            27,
            2,
            63,
            52,
            709,
            24,
            35,
            53,
            5,
            6
        ],
        [
            8,
            4,
            43,
            208,
            48,
            525,
            20,
            62,
            5,
            7
        ],
        [
            9,
            1,
            45,
            55,
            54,
            16,
            766,
            5,
            3,
            7
        ],
        [
            16,
            3,
            20,
            43,
            54,
            29,
            2,
            754,
            9,
            11
        ],
        [
            44,
            19,
            16,
            9,
            2,
            2,
            10,
            3,
            856,
            30
        ],
        [
            21,
            49,
            4,
            22,
            5,
            3,
            7,
            16,
            16,
            837
        ]
    ]
}