{
    "epoch": 6,
    "loss": 0.0122184358133624,
    "accuracy": 0.7395833333333334,
    "precision": 0.7372206143281615,
    "recall": 0.7379331200109304,
    "f1": 0.7363668809961154,
    "confusion_matrix": [
        [
            734,
            17,
            47,
            14,
            29,
            5,
            12,
            14,
            69,
            50
        ],
        [
            5,
            818,
            7,
            5,
            2,
            4,
            10,
            1,
            24,
            83
        ],
        [
            46,
            4,
            652,
            39,
            63,
            45,
            49,
            24,
            9,
            11
        ],
        [
            14,
            5,
            81,
            448,
            47,
            179,
            101,
            20,
            16,
            18
        ],
        [
            22,
            5,
            100,
            39,
            641,
            34,
            69,
            48,
            3,
            15
        ],
        [
            6,
            3,
            51,
            138,
            42,
            595,
            36,
            51,
            2,
            6
        ],
        [
            8,
            5,
            59,
            45,
            31,
            12,
            786,
            1,
            8,
            6
        ],
        [
            6,
            2,
            36,
            36,
            51,
            54,
            7,
            735,
            3,
            11
        ],
        [
            53,
            24,
            9,
            7,
            2,
            5,
            8,
            3,
            859,
            21
        ],
        [
            14,
            59,
            5,
            16,
            3,
            6,
            8,
            13,
            24,
            832
        ]
    ]
}