{
    "epoch": 3,
    "loss": 0.01284387819468975,
    "accuracy": 0.7154166666666667,
    "precision": 0.7161384163251626,
    "recall": 0.713783646448554,
    "f1": 0.7127418231262059,
    "confusion_matrix": [
        [
            741,
            17,
            62,
            10,
            13,
            7,
            6,
            15,
            89,
            31
        ],
        [
            20,
            796,
            6,
            9,
            4,
            7,
            10,
            4,
            46,
            57
        ],
        [
            55,
            1,
            614,
            37,
            66,
            80,
            46,
            17,
            15,
            11
        ],
        [
            13,
            5,
            90,
            384,
            47,
            257,
            55,
            37,
            23,
            18
        ],
        [
            29,
            4,
            93,
            56,
            618,
            61,
            38,
            62,
            7,
            8
        ],
        [
            3,
            1,
            60,
            111,
            35,
            647,
            15,
            50,
            3,
            5
        ],
        [
            8,
            4,
            58,
            71,
            51,
            32,
            715,
            7,
            10,
            5
        ],
        [
            3,
            2,
            40,
            29,
            57,
            64,
            3,
            728,
            6,
            9
        ],
        [
            56,
            16,
            13,
            5,
            5,
            6,
            6,
            3,
            865,
            16
        ],
        [
            21,
            76,
            5,
            24,
            5,
            14,
            8,
            22,
            45,
            760
        ]
    ]
}