{
    "epoch": 2,
    "loss": 0.014490392617881298,
    "accuracy": 0.6764583333333334,
    "precision": 0.694621397223542,
    "recall": 0.6756659050449285,
    "f1": 0.6771997442563296,
    "confusion_matrix": [
        [
            677,
            23,
            53,
            32,
            4,
            6,
            7,
            12,
            142,
            35
        ],
        [
            12,
            808,
            6,
            7,
            0,
            11,
            4,
            4,
            43,
            64
        ],
        [
            73,
            5,
            558,
            94,
            38,
            86,
            37,
            24,
            19,
            8
        ],
        [
            12,
            7,
            60,
            526,
            15,
            214,
            33,
            20,
            20,
            22
        ],
        [
            28,
            4,
            126,
            126,
            452,
            99,
            32,
            87,
            14,
            8
        ],
        [
            3,
            3,
            50,
            189,
            20,
            611,
            5,
            38,
            5,
            6
        ],
        [
            8,
            10,
            83,
            151,
            42,
            47,
            594,
            8,
            10,
            8
        ],
        [
            12,
            3,
            36,
            60,
            25,
            85,
            3,
            702,
            7,
            8
        ],
        [
            41,
            31,
            6,
            11,
            3,
            13,
            5,
            3,
            863,
            15
        ],
        [
            17,
            119,
            4,
            45,
            1,
            15,
            3,
            20,
            53,
            703
        ]
    ]
}