{
    "epoch": 5,
    "loss": 0.012028690986335277,
    "accuracy": 0.736875,
    "precision": 0.7384871264184636,
    "recall": 0.7353106981833272,
    "f1": 0.7334042476177954,
    "confusion_matrix": [
        [
            794,
            18,
            30,
            12,
            19,
            6,
            12,
            19,
            55,
            26
        ],
        [
            17,
            849,
            4,
            11,
            4,
            4,
            10,
            3,
            18,
            39
        ],
        [
            71,
            9,
            539,
            39,
            91,
            82,
            68,
            34,
            6,
            3
        ],
        [
            21,
            5,
            41,
            429,
            64,
            255,
            66,
            26,
            11,
            11
        ],
        [
            25,
            3,
            43,
            40,
            682,
            56,
            55,
            63,
            2,
            7
        ],
        [
            7,
            4,
            25,
            100,
            45,
            675,
            21,
            50,
            1,
            2
        ],
        [
            6,
            4,
            31,
            49,
            45,
            34,
            781,
            7,
            1,
            3
        ],
        [
            16,
            1,
            16,
            24,
            47,
            66,
            4,
            762,
            3,
            2
        ],
        [
            67,
            31,
            11,
            9,
            5,
            11,
            10,
            3,
            823,
            21
        ],
        [
            30,
            106,
            2,
            23,
            5,
            15,
            6,
            33,
            20,
            740
        ]
    ]
}