{
    "loss": 0.012799098913868268,
    "accuracy": 0.7455833333333334,
    "precision": 0.7435383691408266,
    "recall": 0.7444969242722004,
    "f1": 0.7427455047294058,
    "confusion_matrix": [
        [
            927,
            32,
            43,
            35,
            17,
            14,
            14,
            14,
            78,
            53
        ],
        [
            7,
            1110,
            1,
            8,
            2,
            4,
            8,
            3,
            23,
            76
        ],
        [
            67,
            3,
            664,
            60,
            107,
            91,
            84,
            28,
            14,
            18
        ],
        [
            33,
            7,
            54,
            614,
            64,
            258,
            95,
            40,
            12,
            18
        ],
        [
            28,
            3,
            80,
            62,
            849,
            40,
            62,
            73,
            12,
            12
        ],
        [
            13,
            5,
            31,
            132,
            52,
            863,
            43,
            57,
            7,
            12
        ],
        [
            6,
            7,
            48,
            63,
            43,
            23,
            964,
            8,
            3,
            7
        ],
        [
            9,
            3,
            20,
            35,
            80,
            64,
            7,
            956,
            4,
            19
        ],
        [
            51,
            37,
            12,
            13,
            1,
            12,
            11,
            6,
            1005,
            32
        ],
        [
            26,
            105,
            8,
            26,
            5,
            8,
            11,
            8,
            23,
            995
        ]
    ]
}