{
    "epoch": 4,
    "loss": 0.012816970894734065,
    "accuracy": 0.7161458333333334,
    "precision": 0.720760459704504,
    "recall": 0.7146461805606785,
    "f1": 0.7142816800231161,
    "confusion_matrix": [
        [
            764,
            10,
            73,
            9,
            19,
            6,
            9,
            15,
            77,
            9
        ],
        [
            22,
            791,
            17,
            12,
            7,
            6,
            12,
            8,
            42,
            42
        ],
        [
            49,
            2,
            657,
            30,
            75,
            51,
            50,
            18,
            7,
            3
        ],
        [
            25,
            3,
            104,
            400,
            53,
            218,
            64,
            35,
            21,
            6
        ],
        [
            23,
            3,
            113,
            49,
            657,
            33,
            32,
            61,
            2,
            3
        ],
        [
            6,
            1,
            70,
            120,
            44,
            607,
            16,
            63,
            3,
            0
        ],
        [
            6,
            0,
            68,
            55,
            71,
            23,
            725,
            7,
            5,
            1
        ],
        [
            8,
            1,
            54,
            22,
            53,
            42,
            4,
            751,
            4,
            2
        ],
        [
            49,
            15,
            27,
            6,
            11,
            4,
            8,
            4,
            861,
            6
        ],
        [
            47,
            101,
            17,
            41,
            9,
            14,
            15,
            41,
            33,
            662
        ]
    ]
}