{
    "epoch": 0,
    "loss": 0.01866470970834295,
    "accuracy": 0.5717708333333333,
    "precision": 0.5654352148835049,
    "recall": 0.5699234994976625,
    "f1": 0.5646761579483399,
    "confusion_matrix": [
        [
            580,
            37,
            35,
            24,
            27,
            7,
            12,
            27,
            185,
            57
        ],
        [
            20,
            710,
            0,
            10,
            4,
            4,
            12,
            10,
            31,
            158
        ],
        [
            100,
            13,
            320,
            64,
            190,
            85,
            62,
            65,
            34,
            9
        ],
        [
            27,
            6,
            55,
            314,
            80,
            218,
            84,
            83,
            28,
            34
        ],
        [
            48,
            8,
            109,
            56,
            465,
            37,
            81,
            141,
            18,
            13
        ],
        [
            10,
            5,
            61,
            145,
            79,
            447,
            32,
            132,
            6,
            13
        ],
        [
            10,
            12,
            40,
            84,
            122,
            22,
            609,
            37,
            14,
            11
        ],
        [
            15,
            2,
            17,
            54,
            76,
            72,
            20,
            657,
            7,
            21
        ],
        [
            88,
            68,
            10,
            9,
            4,
            12,
            6,
            6,
            740,
            48
        ],
        [
            21,
            158,
            3,
            33,
            4,
            8,
            22,
            46,
            38,
            647
        ]
    ]
}