{
    "loss": 0.012871666625142098,
    "accuracy": 0.71175,
    "precision": 0.7136771352847496,
    "recall": 0.7117120285676349,
    "f1": 0.7105268308748246,
    "confusion_matrix": [
        [
            922,
            26,
            53,
            17,
            24,
            7,
            7,
            17,
            96,
            45
        ],
        [
            18,
            945,
            3,
            14,
            5,
            3,
            10,
            2,
            17,
            101
        ],
        [
            97,
            9,
            694,
            111,
            98,
            57,
            71,
            59,
            21,
            29
        ],
        [
            28,
            7,
            75,
            741,
            46,
            141,
            69,
            51,
            15,
            25
        ],
        [
            42,
            8,
            90,
            94,
            768,
            30,
            59,
            117,
            17,
            11
        ],
        [
            6,
            9,
            55,
            290,
            52,
            568,
            32,
            83,
            10,
            17
        ],
        [
            4,
            8,
            70,
            98,
            63,
            17,
            910,
            10,
            6,
            20
        ],
        [
            17,
            3,
            31,
            62,
            66,
            42,
            5,
            1000,
            8,
            25
        ],
        [
            73,
            33,
            10,
            13,
            7,
            4,
            5,
            5,
            975,
            42
        ],
        [
            25,
            93,
            7,
            31,
            2,
            4,
            4,
            18,
            32,
            1018
        ]
    ]
}