{
    "loss": 0.012561296765506267,
    "accuracy": 0.8097,
    "precision": 0.8087415627518586,
    "recall": 0.8097,
    "f1": 0.809059484896624,
    "confusion_matrix": [
        [
            848,
            8,
            32,
            15,
            11,
            7,
            5,
            9,
            36,
            29
        ],
        [
            21,
            876,
            6,
            2,
            2,
            3,
            6,
            6,
            22,
            56
        ],
        [
            52,
            4,
            744,
            36,
            68,
            35,
            38,
            15,
            7,
            1
        ],
        [
            17,
            10,
            54,
            622,
            50,
            146,
            55,
            27,
            8,
            11
        ],
        [
            18,
            1,
            45,
            43,
            795,
            29,
            28,
            38,
            3,
            0
        ],
        [
            9,
            3,
            22,
            137,
            27,
            734,
            17,
            39,
            6,
            6
        ],
        [
            6,
            6,
            35,
            37,
            15,
            23,
            867,
            5,
            3,
            3
        ],
        [
            12,
            2,
            16,
            25,
            40,
            33,
            4,
            853,
            2,
            13
        ],
        [
            41,
            20,
            5,
            7,
            5,
            5,
            2,
            5,
            894,
            16
        ],
        [
            22,
            58,
            8,
            11,
            4,
            0,
            1,
            5,
            27,
            864
        ]
    ]
}