{
    "epoch": 5,
    "loss": 0.016791737166047097,
    "accuracy": 0.7164,
    "precision": 0.7219037279449042,
    "recall": 0.7167651324273152,
    "f1": 0.717181984439839,
    "confusion_matrix": [
        [
            722,
            36,
            19,
            15,
            26,
            6,
            3,
            19,
            111,
            28
        ],
        [
            10,
            879,
            2,
            18,
            6,
            4,
            8,
            3,
            33,
            46
        ],
        [
            49,
            11,
            625,
            74,
            90,
            57,
            69,
            32,
            17,
            6
        ],
        [
            10,
            16,
            47,
            605,
            37,
            165,
            36,
            39,
            15,
            18
        ],
        [
            17,
            5,
            46,
            65,
            694,
            33,
            37,
            69,
            15,
            8
        ],
        [
            11,
            4,
            31,
            187,
            58,
            645,
            20,
            44,
            4,
            11
        ],
        [
            6,
            15,
            38,
            95,
            38,
            24,
            735,
            15,
            4,
            6
        ],
        [
            8,
            11,
            25,
            53,
            87,
            69,
            7,
            747,
            0,
            20
        ],
        [
            57,
            56,
            6,
            12,
            20,
            5,
            6,
            4,
            799,
            23
        ],
        [
            21,
            163,
            6,
            19,
            9,
            9,
            5,
            13,
            35,
            713
        ]
    ]
}