{
    "epoch": 8,
    "loss": 0.020043440479040147,
    "accuracy": 0.7075,
    "precision": 0.7078906937569991,
    "recall": 0.7078034750014772,
    "f1": 0.7069925998743921,
    "confusion_matrix": [
        [
            691,
            35,
            29,
            16,
            37,
            5,
            1,
            21,
            124,
            26
        ],
        [
            13,
            813,
            9,
            20,
            5,
            8,
            8,
            7,
            48,
            78
        ],
        [
            52,
            7,
            649,
            73,
            81,
            47,
            69,
            29,
            18,
            5
        ],
        [
            9,
            12,
            51,
            562,
            40,
            154,
            74,
            52,
            21,
            13
        ],
        [
            37,
            6,
            49,
            52,
            664,
            26,
            53,
            87,
            9,
            6
        ],
        [
            10,
            7,
            50,
            190,
            57,
            586,
            31,
            71,
            6,
            7
        ],
        [
            6,
            7,
            52,
            42,
            50,
            20,
            770,
            12,
            12,
            5
        ],
        [
            11,
            6,
            31,
            40,
            84,
            35,
            7,
            789,
            3,
            21
        ],
        [
            65,
            42,
            12,
            18,
            18,
            2,
            5,
            10,
            783,
            33
        ],
        [
            18,
            98,
            5,
            23,
            11,
            8,
            9,
            14,
            39,
            768
        ]
    ]
}