{
    "epoch": 6,
    "loss": 0.01816993155479431,
    "accuracy": 0.7115,
    "precision": 0.7128132007292434,
    "recall": 0.7116714210394296,
    "f1": 0.7117902507911236,
    "confusion_matrix": [
        [
            730,
            20,
            75,
            14,
            10,
            5,
            10,
            17,
            77,
            27
        ],
        [
            23,
            781,
            15,
            20,
            5,
            14,
            11,
            6,
            42,
            92
        ],
        [
            36,
            10,
            712,
            53,
            71,
            35,
            68,
            20,
            18,
            7
        ],
        [
            15,
            12,
            66,
            535,
            58,
            181,
            45,
            38,
            18,
            20
        ],
        [
            38,
            2,
            87,
            43,
            638,
            35,
            57,
            69,
            9,
            11
        ],
        [
            5,
            6,
            71,
            172,
            61,
            613,
            20,
            51,
            6,
            10
        ],
        [
            8,
            15,
            61,
            42,
            42,
            24,
            759,
            10,
            9,
            6
        ],
        [
            9,
            3,
            44,
            42,
            81,
            53,
            9,
            761,
            4,
            21
        ],
        [
            69,
            42,
            27,
            13,
            17,
            6,
            5,
            2,
            771,
            36
        ],
        [
            19,
            69,
            6,
            15,
            11,
            13,
            9,
            9,
            27,
            815
        ]
    ]
}