{
    "epoch": 9,
    "loss": 0.01989446660876274,
    "accuracy": 0.7147,
    "precision": 0.7160173565289942,
    "recall": 0.7149364158677558,
    "f1": 0.7146628720220376,
    "confusion_matrix": [
        [
            770,
            25,
            28,
            11,
            19,
            9,
            2,
            22,
            80,
            19
        ],
        [
            27,
            781,
            9,
            20,
            4,
            11,
            15,
            9,
            38,
            95
        ],
        [
            56,
            2,
            654,
            59,
            76,
            55,
            73,
            31,
            17,
            7
        ],
        [
            13,
            8,
            44,
            498,
            63,
            222,
            42,
            64,
            19,
            15
        ],
        [
            29,
            5,
            56,
            51,
            679,
            29,
            34,
            89,
            9,
            8
        ],
        [
            10,
            4,
            45,
            154,
            65,
            649,
            23,
            55,
            4,
            6
        ],
        [
            12,
            5,
            48,
            54,
            59,
            31,
            741,
            11,
            7,
            8
        ],
        [
            14,
            3,
            25,
            35,
            79,
            58,
            3,
            791,
            5,
            14
        ],
        [
            75,
            32,
            6,
            14,
            20,
            5,
            5,
            10,
            795,
            26
        ],
        [
            37,
            58,
            5,
            16,
            4,
            16,
            10,
            24,
            34,
            789
        ]
    ]
}